Source,Sport,Player ID,Player Name,Position,Team,Stat Type,Line Score,Adjusted Odds,Implied Probability,Date,Start Time (CST),Status,League,Odds Type,Headshot URL,Data ID,Average Line,Average No-Vig Over %,Average No-Vig Under %,Percent Difference,Max No-Vig %,Bet Tag,Player Image,Game Start Time,Fav,Spread,O/U,Game Short Title,Scheduled At,Match Progress,Venue Name,Venue Type,Broadcasts,Max No-Vig % Price,True Price,Date,True Point Average Line,EST. Return Date,Injury Status,Comment,Starter,Opp,PrizePicks,MIN Avg,Edge % Over,Edge % Under,Edge %,DvP Projection,DVP Rank,Opp +/-,DVP Bet,Average Projected,DVP Adjusted,Total Projection,Underdog Line,Callout Bet Tag,NBA Fantasy Score
PrizePicks,NBA,188017,Anthony Edwards,G,MIN,Points,27.5,N/A,N/A,10/21/2026,12:06:36 PM,pre_game,NBA,standard,https://static.prizepicks.com/images/players/NBA/Anthony_Edwards_NBA_player_rhlEP3GCAg5LDJD8uChjFU81.webp,15575749,27.50,50,50,-7.81,50,Over,https://www.freeiconspng.com/img/1934,,No,1.5,243.2,,,,,,,100,1/1/1900,,27.5,,,,Yes,MIA,43.36,36,50,50,50,0,,0,,29.62285714,29.62285714,28.56142857,0,Good Bet,0
PrizePicks,NBA,59107,Cade Cunningham,G,DET,Rebounds,5.5,TRUE,N/A,10/20/2026,7:36:36 AM,pre_game,NBA,demon,https://static.prizepicks.com/images/players/NBA/Cade_Cunningham_NBA_player_mq8YRxGgt7Csv81PJK3QsXJu.webp,13976084,5.50,45.53,54.47,-3.86,54.47,Over,https://www.freeiconspng.com/img/1934,,,,,,,,,,,-120,9/1/1899,,5.0083,,,,Yes,,,0,47.10813135,,47.10813135,0,,0,,#NUM!,#NUM!,5.25415,0,Good Bet,0
PrizePicks,NBA,187999,Jayson Tatum,FG,BOS,Pts+Rebs+Asts,54.5,TRUE,N/A,10/20/2026,7:36:36 AM,pre_game,NBA,demon,https://static.prizepicks.com/images/players/NBA/Jayson_Tatum_NBA_player_m62yMQl0xSxuv8M28c75TQG0.webp,13975930,42.50,48.64,51.36,-6.45,51.36,Over,https://www.freeiconspng.com/img/1934,,,,,,,,,,,-106,9/15/1899,,41.344,10/1/2026,Day-To-Day,"Jul 27: Tatum (knee) should once again serve as the unquestioned centerpiece of Boston's offense after the Celtics traded Jaylen Brown for Paul George, John Schuhmann of NBA.com reports.",No,,,0,3.693032945,,3.693032945,0,,0,,#NUM!,#NUM!,41.922,0,Good Bet,0
PrizePicks,NBA,59107,Cade Cunningham,G,DET,Pts+Rebs+Asts,49.5,TRUE,N/A,10/20/2026,7:36:36 AM,pre_game,NBA,demon,https://static.prizepicks.com/images/players/NBA/Cade_Cunningham_NBA_player_mq8YRxGgt7Csv81PJK3QsXJu.webp,13975899,39.67,49.12,50.88,-6.93,50.88,Over,https://www.freeiconspng.com/img/1934,,,,,,,,,,,-104,9/18/1899,,38.9718,,,,Yes,,,0,6.329935406,,6.329935406,0,,0,,#NUM!,#NUM!,39.3209,0,Good Bet,0
PrizePicks,NBA,187999,Jayson Tatum,FG,BOS,Pts+Rebs,49.5,TRUE,N/A,10/20/2026,7:36:36 AM,pre_game,NBA,demon,https://static.prizepicks.com/images/players/NBA/Jayson_Tatum_NBA_player_m62yMQl0xSxuv8M28c75TQG0.webp,13975924,35.50,50.77,49.23,-8.58,50.77,Over,https://www.freeiconspng.com/img/1934,,,,,,,,,,,-103,9/18/1899,,36.0467,10/1/2026,Day-To-Day,"Jul 27: Tatum (knee) should once again serve as the unquestioned centerpiece of Boston's offense after the Celtics traded Jaylen Brown for Paul George, John Schuhmann of NBA.com reports.",No,,,0,1.245941568,,1.245941568,0,,0,,#NUM!,#NUM!,35.77335,0,Good Bet,0
PrizePicks,NBA,187999,Jayson Tatum,FG,BOS,Pts+Rebs+Asts,49.5,TRUE,N/A,10/20/2026,7:36:36 AM,pre_game,NBA,demon,https://static.prizepicks.com/images/players/NBA/Jayson_Tatum_NBA_player_m62yMQl0xSxuv8M28c75TQG0.webp,13975928,42.50,48.64,51.36,-6.45,51.36,Over,https://www.freeiconspng.com/img/1934,,,,,,,,,,,-106,-106.00,,41.344,10/1/2026,Day-To-Day,"Jul 27: Tatum (knee) should once again serve as the unquestioned centerpiece of Boston's offense after the Celtics traded Jaylen Brown for Paul George, John Schuhmann of NBA.com reports.",No,,,0,14.20622355,,14.20622355,0,,0,,#NUM!,#NUM!,41.922,0,Good Bet,0
PrizePicks,NBA,59107,Cade Cunningham,G,DET,Pts+Asts,44.5,TRUE,N/A,10/20/2026,7:36:36 AM,pre_game,NBA,demon,https://static.prizepicks.com/images/players/NBA/Cade_Cunningham_NBA_player_mq8YRxGgt7Csv81PJK3QsXJu.webp,13975890,33.50,50.38,49.62,-8.19,50.38,Over,https://www.freeiconspng.com/img/1934,,,,,,,,,,,-102,-102.00,,33.7546,,,,Yes,,,0,3.317359126,,3.317359126,0,,0,,#NUM!,#NUM!,33.6273,0,Good Bet,0
PrizePicks,NBA,59107,Cade Cunningham,G,DET,Pts+Rebs+Asts,44.5,TRUE,N/A,10/20/2026,7:36:36 AM,pre_game,NBA,demon,https://static.prizepicks.com/images/players/NBA/Cade_Cunningham_NBA_player_mq8YRxGgt7Csv81PJK3QsXJu.webp,13975898,39.67,49.12,50.88,-6.93,50.88,Over,https://www.freeiconspng.com/img/1934,,,,,,,,,,,-104,9/18/1899,,38.9718,,,,Yes,,,0,21.8267347,,21.8267347,0,,0,,#NUM!,#NUM!,39.3209,0,Good Bet,0
PrizePicks,NBA,187999,Jayson Tatum,FG,BOS,Pts+Asts,44.5,TRUE,N/A,10/20/2026,7:36:36 AM,pre_game,NBA,demon,https://static.prizepicks.com/images/players/NBA/Jayson_Tatum_NBA_player_m62yMQl0xSxuv8M28c75TQG0.webp,13975918,32.50,50.38,49.62,-8.19,50.38,Over,https://www.freeiconspng.com/img/1934,,,,,,,,,,,-102,9/19/1899,,32.747,10/1/2026,Day-To-Day,"Jul 27: Tatum (knee) should once again serve as the unquestioned centerpiece of Boston's offense after the Celtics traded Jaylen Brown for Paul George, John Schuhmann of NBA.com reports.",No,,,0,2.170335901,,2.170335901,0,,0,,#NUM!,#NUM!,32.6235,0,Good Bet,0
PrizePicks,NBA,187999,Jayson Tatum,FG,BOS,Pts+Rebs,44.5,TRUE,N/A,10/20/2026,7:36:36 AM,pre_game,NBA,demon,https://static.prizepicks.com/images/players/NBA/Jayson_Tatum_NBA_player_m62yMQl0xSxuv8M28c75TQG0.webp,13975923,35.50,50.77,49.23,-8.58,50.77,Over,https://www.freeiconspng.com/img/1934,,,,,,,,,,,-103,9/18/1899,,36.0467,10/1/2026,Day-To-Day,"Jul 27: Tatum (knee) should once again serve as the unquestioned centerpiece of Boston's offense after the Celtics traded Jaylen Brown for Paul George, John Schuhmann of NBA.com reports.",No,,,0,6.948955277,,6.948955277,0,,0,,#NUM!,#NUM!,35.77335,0,Good Bet,0
PrizePicks,NBA,187999,Jayson Tatum,FG,BOS,Pts+Rebs+Asts,44.5,TRUE,N/A,10/20/2026,7:36:36 AM,pre_game,NBA,demon,https://static.prizepicks.com/images/players/NBA/Jayson_Tatum_NBA_player_m62yMQl0xSxuv8M28c75TQG0.webp,13975929,42.50,48.64,51.36,-6.45,51.36,Over,https://www.freeiconspng.com/img/1934,,,,,,,,,,,-106,9/15/1899,,41.344,10/1/2026,Day-To-Day,"Jul 27: Tatum (knee) should once again serve as the unquestioned centerpiece of Boston's offense after the Celtics traded Jaylen Brown for Paul George, John Schuhmann of NBA.com reports.",No,,,0,37.07521621,,37.07521621,0,,0,,#NUM!,#NUM!,41.922,0,Good Bet,0
PrizePicks,NBA,187999,Jayson Tatum,FG,BOS,Pts+Rebs+Asts,42.5,N/A,N/A,10/20/2026,7:36:36 AM,pre_game,NBA,standard,https://static.prizepicks.com/images/players/NBA/Jayson_Tatum_NBA_player_m62yMQl0xSxuv8M28c75TQG0.webp,13975931,42.50,48.64,51.36,-6.45,51.36,Under,https://www.freeiconspng.com/img/1934,,,,,,,,,,,-106,9/15/1899,,41.344,10/1/2026,Day-To-Day,"Jul 27: Tatum (knee) should once again serve as the unquestioned centerpiece of Boston's offense after the Celtics traded Jaylen Brown for Paul George, John Schuhmann of NBA.com reports.",No,,,0,48.64,51.36,51.36,0,,0,,#NUM!,#NUM!,41.922,0,Push,0
PrizePicks,NBA,59107,Cade Cunningham,G,DET,Pts+Rebs+Asts,40,N/A,N/A,10/20/2026,7:36:36 AM,pre_game,NBA,standard,https://static.prizepicks.com/images/players/NBA/Cade_Cunningham_NBA_player_mq8YRxGgt7Csv81PJK3QsXJu.webp,13975900,39.67,49.12,50.88,-6.93,50.88,Under,https://www.freeiconspng.com/img/1934,,,,,,,,,,,-104,9/18/1899,,38.9718,,,,Yes,,,0,48.71476,51.28524,51.28524,0,,0,,#NUM!,#NUM!,39.3209,0,Push,0
PrizePicks,NBA,59107,Cade Cunningham,G,DET,Pts+Asts,39.5,TRUE,N/A,10/20/2026,7:36:36 AM,pre_game,NBA,demon,https://static.prizepicks.com/images/players/NBA/Cade_Cunningham_NBA_player_mq8YRxGgt7Csv81PJK3QsXJu.webp,13975889,33.50,50.38,49.62,-8.19,50.38,Over,https://www.freeiconspng.com/img/1934,,,,,,,,,,,-102,9/19/1899,,33.7546,,,,Yes,,,0,15.01288387,,15.01288387,0,,0,,#NUM!,#NUM!,33.6273,0,Good Bet,0
PrizePicks,NBA,59107,Cade Cunningham,G,DET,Pts+Rebs,39.5,TRUE,N/A,10/20/2026,7:36:36 AM,pre_game,NBA,demon,https://static.prizepicks.com/images/players/NBA/Cade_Cunningham_NBA_player_mq8YRxGgt7Csv81PJK3QsXJu.webp,13975895,29.50,50.68,49.32,-8.49,50.68,Over,https://www.freeiconspng.com/img/1934,,,,,,,,,,,-103,9/18/1899,,29.9012,,,,Yes,,,0,3.763608397,,3.763608397,0,,0,,#NUM!,#NUM!,29.7006,0,Good Bet,0
PrizePicks,NBA,187999,Jayson Tatum,FG,BOS,Pts+Asts,39.5,TRUE,N/A,10/20/2026,7:36:36 AM,pre_game,NBA,demon,https://static.prizepicks.com/images/players/NBA/Jayson_Tatum_NBA_player_m62yMQl0xSxuv8M28c75TQG0.webp,13975917,32.50,50.38,49.62,-8.19,50.38,Over,https://www.freeiconspng.com/img/1934,,,,,,,,,,,-102,-102.00,,32.747,10/1/2026,Day-To-Day,"Jul 27: Tatum (knee) should once again serve as the unquestioned centerpiece of Boston's offense after the Celtics traded Jaylen Brown for Paul George, John Schuhmann of NBA.com reports.",No,,,0,11.20493906,,11.20493906,0,,0,,#NUM!,#NUM!,32.6235,0,Good Bet,0
PrizePicks,NBA,187999,Jayson Tatum,FG,BOS,Pts+Rebs,39.5,TRUE,N/A,10/20/2026,7:36:36 AM,pre_game,NBA,demon,https://static.prizepicks.com/images/players/NBA/Jayson_Tatum_NBA_player_m62yMQl0xSxuv8M28c75TQG0.webp,13975922,35.50,50.77,49.23,-8.58,50.77,Over,https://www.freeiconspng.com/img/1934,,,,,,,,,,,-103,-103.00,,36.0467,10/1/2026,Day-To-Day,"Jul 27: Tatum (knee) should once again serve as the unquestioned centerpiece of Boston's offense after the Celtics traded Jaylen Brown for Paul George, John Schuhmann of NBA.com reports.",No,,,0,24.60891937,,24.60891937,0,,0,,#NUM!,#NUM!,35.77335,0,Good Bet,0
PrizePicks,NBA,187999,Jayson Tatum,FG,BOS,Pts+Rebs+Asts,39.5,TRUE,N/A,10/20/2026,7:36:36 AM,pre_game,NBA,goblin,https://static.prizepicks.com/images/players/NBA/Jayson_Tatum_NBA_player_m62yMQl0xSxuv8M28c75TQG0.webp,13975927,42.50,48.64,51.36,-6.45,51.36,Over,https://www.freeiconspng.com/img/1934,,,,,,,,,,,-106,9/15/1899,,41.344,10/1/2026,Day-To-Day,"Jul 27: Tatum (knee) should once again serve as the unquestioned centerpiece of Boston's offense after the Celtics traded Jaylen Brown for Paul George, John Schuhmann of NBA.com reports.",No,,,0,66.9960747,,66.9960747,0,,0,,#NUM!,#NUM!,41.922,0,Push,0
PrizePicks,NBA,187999,Jayson Tatum,FG,BOS,Pts+Rebs,35.5,N/A,N/A,10/20/2026,7:36:36 AM,pre_game,NBA,standard,https://static.prizepicks.com/images/players/NBA/Jayson_Tatum_NBA_player_m62yMQl0xSxuv8M28c75TQG0.webp,13975925,35.50,50.77,49.23,-8.58,50.77,Over,https://www.freeiconspng.com/img/1934,,,,,,,,,,,-103,-103.00,,36.0467,10/1/2026,Day-To-Day,"Jul 27: Tatum (knee) should once again serve as the unquestioned centerpiece of Boston's offense after the Celtics traded Jaylen Brown for Paul George, John Schuhmann of NBA.com reports.",No,,,0,50.77,49.23,50.77,0,,0,,#NUM!,#NUM!,35.77335,0,Great Bet,0
PrizePicks,NBA,59107,Cade Cunningham,G,DET,Points,34.5,TRUE,N/A,10/20/2026,7:36:36 AM,pre_game,NBA,demon,https://static.prizepicks.com/images/players/NBA/Cade_Cunningham_NBA_player_mq8YRxGgt7Csv81PJK3QsXJu.webp,13975886,24.50,49.39,50.61,-5.56,50.61,Over,https://www.freeiconspng.com/img/1934,,,,,,,,,,,-102,9/19/1899,,24.2011,,,,Yes,,,0,2.656533361,,2.656533361,0,,0,,#NUM!,#NUM!,24.35055,0,Good Bet,0
PrizePicks,NBA,59107,Cade Cunningham,G,DET,Pts+Rebs,34.5,TRUE,N/A,10/20/2026,7:36:36 AM,pre_game,NBA,demon,https://static.prizepicks.com/images/players/NBA/Cade_Cunningham_NBA_player_mq8YRxGgt7Csv81PJK3QsXJu.webp,13975894,29.50,50.68,49.32,-8.49,50.68,Over,https://www.freeiconspng.com/img/1934,,,,,,,,,,,-103,9/18/1899,,29.9012,,,,Yes,,,0,17.71634803,,17.71634803,0,,0,,#NUM!,#NUM!,29.7006,0,Good Bet,0
PrizePicks,NBA,59107,Cade Cunningham,G,DET,Pts+Rebs+Asts,34.5,TRUE,N/A,10/20/2026,7:36:36 AM,pre_game,NBA,goblin,https://static.prizepicks.com/images/players/NBA/Cade_Cunningham_NBA_player_mq8YRxGgt7Csv81PJK3QsXJu.webp,13975897,39.67,49.12,50.88,-6.93,50.88,Over,https://www.freeiconspng.com/img/1934,,,,,,,,,,,-104,9/18/1899,,38.9718,,,,Yes,,,0,79.17618754,,79.17618754,0,,0,,#NUM!,#NUM!,39.3209,0,Push,0
PrizePicks,NBA,187999,Jayson Tatum,FG,BOS,Points,34.5,TRUE,N/A,10/20/2026,7:36:36 AM,pre_game,NBA,demon,https://static.prizepicks.com/images/players/NBA/Jayson_Tatum_NBA_player_m62yMQl0xSxuv8M28c75TQG0.webp,13975914,26.50,49.83,50.17,-5.12,50.17,Over,https://www.freeiconspng.com/img/1934,,,,,,,,,,,-101,9/20/1899,,26.4099,10/1/2026,Day-To-Day,"Jul 27: Tatum (knee) should once again serve as the unquestioned centerpiece of Boston's offense after the Celtics traded Jaylen Brown for Paul George, John Schuhmann of NBA.com reports.",No,,,0,6.484128768,,6.484128768,0,,0,,#NUM!,#NUM!,26.45495,0,Good Bet,0
PrizePicks,NBA,187999,Jayson Tatum,FG,BOS,Pts+Rebs,34.5,TRUE,N/A,10/20/2026,7:36:36 AM,pre_game,NBA,goblin,https://static.prizepicks.com/images/players/NBA/Jayson_Tatum_NBA_player_m62yMQl0xSxuv8M28c75TQG0.webp,13975921,35.50,50.77,49.23,-8.58,50.77,Over,https://www.freeiconspng.com/img/1934,,,,,,,,,,,-103,9/18/1899,,36.0467,10/1/2026,Day-To-Day,"Jul 27: Tatum (knee) should once again serve as the unquestioned centerpiece of Boston's offense after the Celtics traded Jaylen Brown for Paul George, John Schuhmann of NBA.com reports.",No,,,0,55.58404919,,55.58404919,0,,0,,#NUM!,#NUM!,35.77335,0,Push,0
PrizePicks,NBA,187999,Jayson Tatum,FG,BOS,Pts+Rebs+Asts,34.5,TRUE,N/A,10/20/2026,7:36:36 AM,pre_game,NBA,goblin,https://static.prizepicks.com/images/players/NBA/Jayson_Tatum_NBA_player_m62yMQl0xSxuv8M28c75TQG0.webp,13975926,42.50,48.64,51.36,-6.45,51.36,Over,https://www.freeiconspng.com/img/1934,,,,,,,,,,,-106,9/15/1899,,41.344,10/1/2026,Day-To-Day,"Jul 27: Tatum (knee) should once again serve as the unquestioned centerpiece of Boston's offense after the Celtics traded Jaylen Brown for Paul George, John Schuhmann of NBA.com reports.",No,,,0,89.29713494,,89.29713494,0,,0,,#NUM!,#NUM!,41.922,0,Push,0
PrizePicks,NBA,187999,Jayson Tatum,FG,BOS,Pts+Asts,34.5,TRUE,N/A,10/20/2026,7:36:36 AM,pre_game,NBA,demon,https://static.prizepicks.com/images/players/NBA/Jayson_Tatum_NBA_player_m62yMQl0xSxuv8M28c75TQG0.webp,15316505,32.50,50.38,49.62,-8.19,50.38,Over,https://www.freeiconspng.com/img/1934,,,,,,,,,,,-102,9/19/1899,,32.747,10/1/2026,Day-To-Day,"Jul 27: Tatum (knee) should once again serve as the unquestioned centerpiece of Boston's offense after the Celtics traded Jaylen Brown for Paul George, John Schuhmann of NBA.com reports.",No,,,0,35.33261499,,35.33261499,0,,0,,#NUM!,#NUM!,32.6235,0,Good Bet,0
PrizePicks,NBA,59107,Cade Cunningham,G,DET,Pts+Asts,33.5,N/A,N/A,10/20/2026,7:36:36 AM,pre_game,NBA,standard,https://static.prizepicks.com/images/players/NBA/Cade_Cunningham_NBA_player_mq8YRxGgt7Csv81PJK3QsXJu.webp,13975891,33.50,50.38,49.62,-8.19,50.38,Over,https://www.freeiconspng.com/img/1934,,,,,,,,,,,-102,9/19/1899,,33.7546,,,,Yes,,,0,50.38,49.62,50.38,0,,0,,#NUM!,#NUM!,33.6273,0,Great Bet,0
PrizePicks,NBA,187999,Jayson Tatum,FG,BOS,Pts+Asts,32.5,N/A,N/A,10/20/2026,7:36:36 AM,pre_game,NBA,standard,https://static.prizepicks.com/images/players/NBA/Jayson_Tatum_NBA_player_m62yMQl0xSxuv8M28c75TQG0.webp,13975919,32.50,50.38,49.62,-8.19,50.38,Over,https://www.freeiconspng.com/img/1934,,,,,,,,,,,-102,9/19/1899,,32.747,10/1/2026,Day-To-Day,"Jul 27: Tatum (knee) should once again serve as the unquestioned centerpiece of Boston's offense after the Celtics traded Jaylen Brown for Paul George, John Schuhmann of NBA.com reports.",No,,,0,50.38,49.62,50.38,0,,0,,#NUM!,#NUM!,32.6235,0,Great Bet,0
PrizePicks,NBA,59107,Cade Cunningham,G,DET,Points,29.5,TRUE,N/A,10/20/2026,7:36:36 AM,pre_game,NBA,demon,https://static.prizepicks.com/images/players/NBA/Cade_Cunningham_NBA_player_mq8YRxGgt7Csv81PJK3QsXJu.webp,13975885,24.50,49.39,50.61,-5.56,50.61,Over,https://www.freeiconspng.com/img/1934,,,,,,,,,,,-102,-102.00,,24.2011,,,,Yes,,,0,15.59676893,,15.59676893,0,,0,,#NUM!,#NUM!,24.35055,0,Good Bet,0
PrizePicks,NBA,59107,Cade Cunningham,G,DET,Pts+Asts,29.5,TRUE,N/A,10/20/2026,7:36:36 AM,pre_game,NBA,goblin,https://static.prizepicks.com/images/players/NBA/Cade_Cunningham_NBA_player_mq8YRxGgt7Csv81PJK3QsXJu.webp,13975888,33.50,50.38,49.62,-8.19,50.38,Over,https://www.freeiconspng.com/img/1934,,,,,,,,,,,-102,-102.00,,33.7546,,,,Yes,,,0,75.04991367,,75.04991367,0,,0,,#NUM!,#NUM!,33.6273,0,Push,0
PrizePicks,NBA,59107,Cade Cunningham,G,DET,Pts+Rebs,29.5,N/A,N/A,10/20/2026,7:36:36 AM,pre_game,NBA,standard,https://static.prizepicks.com/images/players/NBA/Cade_Cunningham_NBA_player_mq8YRxGgt7Csv81PJK3QsXJu.webp,13975896,29.50,50.68,49.32,-8.49,50.68,Over,https://www.freeiconspng.com/img/1934,,,,,,,,,,,-103,9/18/1899,,29.9012,,,,Yes,,,0,50.68,49.32,50.68,0,,0,,#NUM!,#NUM!,29.7006,0,Great Bet,0
PrizePicks,NBA,187999,Jayson Tatum,FG,BOS,Points,29.5,TRUE,N/A,10/20/2026,7:36:36 AM,pre_game,NBA,demon,https://static.prizepicks.com/images/players/NBA/Jayson_Tatum_NBA_player_m62yMQl0xSxuv8M28c75TQG0.webp,13975913,26.50,49.83,50.17,-5.12,50.17,Over,https://www.freeiconspng.com/img/1934,,,,,,,,,,,-101,9/20/1899,,26.4099,10/1/2026,Day-To-Day,"Jul 27: Tatum (knee) should once again serve as the unquestioned centerpiece of Boston's offense after the Celtics traded Jaylen Brown for Paul George, John Schuhmann of NBA.com reports.",No,,,0,27.28607329,,27.28607329,0,,0,,#NUM!,#NUM!,26.45495,0,Good Bet,0
PrizePicks,NBA,187999,Jayson Tatum,FG,BOS,Pts+Asts,29.5,TRUE,N/A,10/20/2026,7:36:36 AM,pre_game,NBA,goblin,https://static.prizepicks.com/images/players/NBA/Jayson_Tatum_NBA_player_m62yMQl0xSxuv8M28c75TQG0.webp,13975916,32.50,50.38,49.62,-8.19,50.38,Over,https://www.freeiconspng.com/img/1934,,,,,,,,,,,-102,9/19/1899,,32.747,10/1/2026,Day-To-Day,"Jul 27: Tatum (knee) should once again serve as the unquestioned centerpiece of Boston's offense after the Celtics traded Jaylen Brown for Paul George, John Schuhmann of NBA.com reports.",No,,,0,69.3162627,,69.3162627,0,,0,,#NUM!,#NUM!,32.6235,0,Push,0
PrizePicks,NBA,187999,Jayson Tatum,FG,BOS,Pts+Rebs,29.5,TRUE,N/A,10/20/2026,7:36:36 AM,pre_game,NBA,goblin,https://static.prizepicks.com/images/players/NBA/Jayson_Tatum_NBA_player_m62yMQl0xSxuv8M28c75TQG0.webp,13975920,35.50,50.77,49.23,-8.58,50.77,Over,https://www.freeiconspng.com/img/1934,,,,,,,,,,,-103,-103.00,,36.0467,10/1/2026,Day-To-Day,"Jul 27: Tatum (knee) should once again serve as the unquestioned centerpiece of Boston's offense after the Celtics traded Jaylen Brown for Paul George, John Schuhmann of NBA.com reports.",No,,,0,84.3428506,,84.3428506,0,,0,,#NUM!,#NUM!,35.77335,0,Push,0
PrizePicks,NBA,187999,Jayson Tatum,FG,BOS,Points,26.5,N/A,N/A,10/20/2026,7:36:36 AM,pre_game,NBA,standard,https://static.prizepicks.com/images/players/NBA/Jayson_Tatum_NBA_player_m62yMQl0xSxuv8M28c75TQG0.webp,13952665,26.50,49.83,50.17,-5.12,50.17,Under,https://www.freeiconspng.com/img/1934,,,,,,,,,,,-101,9/20/1899,,26.4099,10/1/2026,Day-To-Day,"Jul 27: Tatum (knee) should once again serve as the unquestioned centerpiece of Boston's offense after the Celtics traded Jaylen Brown for Paul George, John Schuhmann of NBA.com reports.",No,,,0,49.83,50.17,50.17,0,,0,,#NUM!,#NUM!,26.45495,0,Push,0
PrizePicks,NBA,59107,Cade Cunningham,G,DET,Points,24.5,N/A,N/A,10/20/2026,7:36:36 AM,pre_game,NBA,standard,https://static.prizepicks.com/images/players/NBA/Cade_Cunningham_NBA_player_mq8YRxGgt7Csv81PJK3QsXJu.webp,13952666,24.50,49.39,50.61,-5.56,50.61,Under,https://www.freeiconspng.com/img/1934,,,,,,,,,,,-102,9/19/1899,,24.2011,,,,Yes,,,0,49.39,50.61,50.61,0,,0,,#NUM!,#NUM!,24.35055,0,Push,0
PrizePicks,NBA,59107,Cade Cunningham,G,DET,Pts+Rebs,24.5,TRUE,N/A,10/20/2026,7:36:36 AM,pre_game,NBA,goblin,https://static.prizepicks.com/images/players/NBA/Cade_Cunningham_NBA_player_mq8YRxGgt7Csv81PJK3QsXJu.webp,13975892,29.50,50.68,49.32,-8.49,50.68,Over,https://www.freeiconspng.com/img/1934,,,,,,,,,,,-103,-103.00,,29.9012,,,,Yes,,,0,82.03843124,,82.03843124,0,,0,,#NUM!,#NUM!,29.7006,0,Push,0
PrizePicks,NBA,187999,Jayson Tatum,FG,BOS,Points,24.5,TRUE,N/A,10/20/2026,7:36:36 AM,pre_game,NBA,goblin,https://static.prizepicks.com/images/players/NBA/Jayson_Tatum_NBA_player_m62yMQl0xSxuv8M28c75TQG0.webp,13975912,26.50,49.83,50.17,-5.12,50.17,Over,https://www.freeiconspng.com/img/1934,,,,,,,,,,,-101,-101.00,,26.4099,10/1/2026,Day-To-Day,"Jul 27: Tatum (knee) should once again serve as the unquestioned centerpiece of Boston's offense after the Celtics traded Jaylen Brown for Paul George, John Schuhmann of NBA.com reports.",No,,,0,64.08027794,,64.08027794,0,,0,,#NUM!,#NUM!,26.45495,0,Push,0
PrizePicks,NBA,59107,Cade Cunningham,G,DET,Points,19.5,TRUE,N/A,10/20/2026,7:36:36 AM,pre_game,NBA,goblin,https://static.prizepicks.com/images/players/NBA/Cade_Cunningham_NBA_player_mq8YRxGgt7Csv81PJK3QsXJu.webp,13975884,24.50,49.39,50.61,-5.56,50.61,Over,https://www.freeiconspng.com/img/1934,,,,,,,,,,,-102,9/19/1899,,24.2011,,,,Yes,,,0,84.43898357,,84.43898357,0,,0,,#NUM!,#NUM!,24.35055,0,Push,0
PrizePicks,NBA,59107,Cade Cunningham,G,DET,Rebs+Asts,19.5,TRUE,N/A,10/20/2026,7:36:36 AM,pre_game,NBA,demon,https://static.prizepicks.com/images/players/NBA/Cade_Cunningham_NBA_player_mq8YRxGgt7Csv81PJK3QsXJu.webp,13975903,14.50,50.1,49.9,,50.1,Over,https://www.freeiconspng.com/img/1934,,,,,,,,,,,-100,9/21/1899,,14.529,,,,Yes,,,0,9.877598909,,9.877598909,0,,0,,#NUM!,#NUM!,14.5145,0,Good Bet,0
PrizePicks,NBA,187999,Jayson Tatum,FG,BOS,Rebs+Asts,19.5,TRUE,N/A,10/20/2026,7:36:36 AM,pre_game,NBA,demon,https://static.prizepicks.com/images/players/NBA/Jayson_Tatum_NBA_player_m62yMQl0xSxuv8M28c75TQG0.webp,13975936,14.50,54.13,45.87,-3.32,54.13,Over,https://www.freeiconspng.com/img/1934,,,,,,,,,,,-118,-118.00,,15.6977,10/1/2026,Day-To-Day,"Jul 27: Tatum (knee) should once again serve as the unquestioned centerpiece of Boston's offense after the Celtics traded Jaylen Brown for Paul George, John Schuhmann of NBA.com reports.",No,,,0,9.877598909,,9.877598909,0,,0,,#NUM!,#NUM!,15.09885,0,Good Bet,0
PrizePicks,NBA,187999,Jayson Tatum,FG,BOS,Points,19.5,TRUE,N/A,10/20/2026,7:36:36 AM,pre_game,NBA,goblin,https://static.prizepicks.com/images/players/NBA/Jayson_Tatum_NBA_player_m62yMQl0xSxuv8M28c75TQG0.webp,15316504,26.50,49.83,50.17,-5.12,50.17,Over,https://www.freeiconspng.com/img/1934,,,,,,,,,,,-101,9/20/1899,,26.4099,10/1/2026,Day-To-Day,"Jul 27: Tatum (knee) should once again serve as the unquestioned centerpiece of Boston's offense after the Celtics traded Jaylen Brown for Paul George, John Schuhmann of NBA.com reports.",No,,,0,91.82217282,,91.82217282,0,,0,,#NUM!,#NUM!,26.45495,0,Push,0
PrizePicks,NBA,59107,Cade Cunningham,G,DET,Rebs+Asts,14.5,N/A,N/A,10/20/2026,7:36:36 AM,pre_game,NBA,standard,https://static.prizepicks.com/images/players/NBA/Cade_Cunningham_NBA_player_mq8YRxGgt7Csv81PJK3QsXJu.webp,13975904,14.50,50.1,49.9,,50.1,Over,https://www.freeiconspng.com/img/1934,,,,,,,,,,,-100,9/21/1899,,14.529,,,,Yes,,,0,50.1,49.9,50.1,0,,0,,#NUM!,#NUM!,14.5145,0,Great Bet,0
PrizePicks,NBA,187999,Jayson Tatum,FG,BOS,Rebs+Asts,14.5,TRUE,N/A,10/20/2026,7:36:36 AM,pre_game,NBA,goblin,https://static.prizepicks.com/images/players/NBA/Jayson_Tatum_NBA_player_m62yMQl0xSxuv8M28c75TQG0.webp,14949362,14.50,54.13,45.87,-3.32,54.13,Over,https://www.freeiconspng.com/img/1934,,,,,,,,,,,-118,9/3/1899,,15.6977,10/1/2026,Day-To-Day,"Jul 27: Tatum (knee) should once again serve as the unquestioned centerpiece of Boston's offense after the Celtics traded Jaylen Brown for Paul George, John Schuhmann of NBA.com reports.",No,,,0,48.24033021,,48.24033021,0,,0,,#NUM!,#NUM!,15.09885,0,Great Bet,0
PrizePicks,NBA,59107,Cade Cunningham,G,DET,Assists,13.5,TRUE,N/A,10/20/2026,7:36:36 AM,pre_game,NBA,demon,https://static.prizepicks.com/images/players/NBA/Cade_Cunningham_NBA_player_mq8YRxGgt7Csv81PJK3QsXJu.webp,13975882,9.50,47.58,52.42,-2.53,52.42,Over,https://www.freeiconspng.com/img/1934,,,,,,,,,,,-110,9/11/1899,,9.0402,,,,Yes,,,0,10.18640695,,10.18640695,0,,0,,#NUM!,#NUM!,9.2701,0,Good Bet,0
PrizePicks,NBA,187999,Jayson Tatum,FG,BOS,Rebounds,13.5,TRUE,N/A,10/20/2026,7:36:36 AM,pre_game,NBA,demon,https://static.prizepicks.com/images/players/NBA/Jayson_Tatum_NBA_player_m62yMQl0xSxuv8M28c75TQG0.webp,13975935,8.50,54.6,45.4,-4.75,54.6,Over,https://www.freeiconspng.com/img/1934,,,,,,,,,,,-120,9/1/1899,,9.282,10/1/2026,Day-To-Day,"Jul 27: Tatum (knee) should once again serve as the unquestioned centerpiece of Boston's offense after the Celtics traded Jaylen Brown for Paul George, John Schuhmann of NBA.com reports.",No,,,0,5.141111411,,5.141111411,0,,0,,#NUM!,#NUM!,8.891,0,Good Bet,0
PrizePicks,NBA,59107,Cade Cunningham,G,DET,Assists,11.5,TRUE,N/A,10/20/2026,7:36:36 AM,pre_game,NBA,demon,https://static.prizepicks.com/images/players/NBA/Cade_Cunningham_NBA_player_mq8YRxGgt7Csv81PJK3QsXJu.webp,13975881,9.50,47.58,52.42,-2.53,52.42,Over,https://www.freeiconspng.com/img/1934,,,,,,,,,,,-110,9/11/1899,,9.0402,,,,Yes,,,0,24.80103904,,24.80103904,0,,0,,#NUM!,#NUM!,9.2701,0,Good Bet,0
PrizePicks,NBA,187999,Jayson Tatum,FG,BOS,Rebounds,11.5,TRUE,N/A,10/20/2026,7:36:36 AM,pre_game,NBA,demon,https://static.prizepicks.com/images/players/NBA/Jayson_Tatum_NBA_player_m62yMQl0xSxuv8M28c75TQG0.webp,13975934,8.50,54.6,45.4,-4.75,54.6,Over,https://www.freeiconspng.com/img/1934,,,,,,,,,,,-120,9/1/1899,,9.282,10/1/2026,Day-To-Day,"Jul 27: Tatum (knee) should once again serve as the unquestioned centerpiece of Boston's offense after the Celtics traded Jaylen Brown for Paul George, John Schuhmann of NBA.com reports.",No,,,0,15.13379546,,15.13379546,0,,0,,#NUM!,#NUM!,8.891,0,Good Bet,0
PrizePicks,NBA,59107,Cade Cunningham,G,DET,Assists,9.5,N/A,N/A,10/20/2026,7:36:36 AM,pre_game,NBA,standard,https://static.prizepicks.com/images/players/NBA/Cade_Cunningham_NBA_player_mq8YRxGgt7Csv81PJK3QsXJu.webp,13975883,9.50,47.58,52.42,-2.53,52.42,Under,https://www.freeiconspng.com/img/1934,,,,,,,,,,,-110,9/11/1899,,9.0402,,,,Yes,,,0,47.58,52.42,52.42,0,,0,,#NUM!,#NUM!,9.2701,0,Push,0
PrizePicks,NBA,187999,Jayson Tatum,FG,BOS,Assists,9.5,TRUE,N/A,10/20/2026,7:36:36 AM,pre_game,NBA,demon,https://static.prizepicks.com/images/players/NBA/Jayson_Tatum_NBA_player_m62yMQl0xSxuv8M28c75TQG0.webp,13975910,5.50,53.79,46.21,-2.73,53.79,Over,https://www.freeiconspng.com/img/1934,,,,,,,,,,,-116,9/5/1899,,5.9169,10/1/2026,Day-To-Day,"Jul 27: Tatum (knee) should once again serve as the unquestioned centerpiece of Boston's offense after the Celtics traded Jaylen Brown for Paul George, John Schuhmann of NBA.com reports.",No,,,0,5.377746952,,5.377746952,0,,0,,#NUM!,#NUM!,5.70845,0,Good Bet,0
PrizePicks,NBA,187999,Jayson Tatum,FG,BOS,Rebounds,8.5,TRUE,N/A,10/20/2026,7:36:36 AM,pre_game,NBA,goblin,https://static.prizepicks.com/images/players/NBA/Jayson_Tatum_NBA_player_m62yMQl0xSxuv8M28c75TQG0.webp,13975933,8.50,54.6,45.4,-4.75,54.6,Over,https://www.freeiconspng.com/img/1934,,,,,,,,,,,-120,9/1/1899,,9.282,10/1/2026,Day-To-Day,"Jul 27: Tatum (knee) should once again serve as the unquestioned centerpiece of Boston's offense after the Celtics traded Jaylen Brown for Paul George, John Schuhmann of NBA.com reports.",No,,,0,47.6894955,,47.6894955,0,,0,,#NUM!,#NUM!,8.891,0,Great Bet,0
PrizePicks,NBA,59107,Cade Cunningham,G,DET,Assists,7.5,TRUE,N/A,10/20/2026,7:36:36 AM,pre_game,NBA,goblin,https://static.prizepicks.com/images/players/NBA/Cade_Cunningham_NBA_player_mq8YRxGgt7Csv81PJK3QsXJu.webp,13975880,9.50,47.58,52.42,-2.53,52.42,Over,https://www.freeiconspng.com/img/1934,,,,,,,,,,,-110,9/11/1899,,9.0402,,,,Yes,,,0,73.13368182,,73.13368182,0,,0,,#NUM!,#NUM!,9.2701,0,Push,0
PrizePicks,NBA,59107,Cade Cunningham,G,DET,Rebounds,7.5,TRUE,N/A,10/20/2026,7:36:36 AM,pre_game,NBA,demon,https://static.prizepicks.com/images/players/NBA/Cade_Cunningham_NBA_player_mq8YRxGgt7Csv81PJK3QsXJu.webp,13975902,5.50,45.53,54.47,-3.86,54.47,Over,https://www.freeiconspng.com/img/1934,,,,,,,,,,,-120,-120.00,,5.0083,,,,Yes,,,0,19.05147175,,19.05147175,0,,0,,#NUM!,#NUM!,5.25415,0,Good Bet,0
PrizePicks,NBA,187999,Jayson Tatum,FG,BOS,Assists,7.5,TRUE,N/A,10/20/2026,7:36:36 AM,pre_game,NBA,demon,https://static.prizepicks.com/images/players/NBA/Jayson_Tatum_NBA_player_m62yMQl0xSxuv8M28c75TQG0.webp,13975909,5.50,53.79,46.21,-2.73,53.79,Over,https://www.freeiconspng.com/img/1934,,,,,,,,,,,-116,-116.00,,5.9169,10/1/2026,Day-To-Day,"Jul 27: Tatum (knee) should once again serve as the unquestioned centerpiece of Boston's offense after the Celtics traded Jaylen Brown for Paul George, John Schuhmann of NBA.com reports.",No,,,0,19.05147175,,19.05147175,0,,0,,#NUM!,#NUM!,5.70845,0,Good Bet,0
PrizePicks,NBA,187999,Jayson Tatum,FG,BOS,Rebounds,7.5,TRUE,N/A,10/20/2026,7:36:36 AM,pre_game,NBA,goblin,https://static.prizepicks.com/images/players/NBA/Jayson_Tatum_NBA_player_m62yMQl0xSxuv8M28c75TQG0.webp,13975932,8.50,54.6,45.4,-4.75,54.6,Over,https://www.freeiconspng.com/img/1934,,,,,,,,,,,-120,9/1/1899,,9.282,10/1/2026,Day-To-Day,"Jul 27: Tatum (knee) should once again serve as the unquestioned centerpiece of Boston's offense after the Celtics traded Jaylen Brown for Paul George, John Schuhmann of NBA.com reports.",No,,,0,61.44028982,,61.44028982,0,,0,,#NUM!,#NUM!,8.891,0,Push,0
PrizePicks,NBA,187999,Jayson Tatum,FG,BOS,3-PT Made,4.5,TRUE,N/A,10/20/2026,7:36:36 AM,pre_game,NBA,demon,https://static.prizepicks.com/images/players/NBA/Jayson_Tatum_NBA_player_m62yMQl0xSxuv8M28c75TQG0.webp,13975907,2.50,53.79,46.21,-1.77,53.79,Over,https://www.freeiconspng.com/img/1934,,,,,,,,,,,-116,-116.00,,2.6895,10/1/2026,Day-To-Day,"Jul 27: Tatum (knee) should once again serve as the unquestioned centerpiece of Boston's offense after the Celtics traded Jaylen Brown for Paul George, John Schuhmann of NBA.com reports.",No,,,0,10.88219811,,10.88219811,0,,0,,#NUM!,#NUM!,2.59475,0,Good Bet,0
PrizePicks,NBA,59107,Cade Cunningham,G,DET,3-PT Made,3.5,TRUE,N/A,10/20/2026,7:36:36 AM,pre_game,NBA,demon,https://static.prizepicks.com/images/players/NBA/Cade_Cunningham_NBA_player_mq8YRxGgt7Csv81PJK3QsXJu.webp,13975879,2.50,36.89,63.11,-4.42,63.11,Over,https://www.freeiconspng.com/img/1934,,,,,,,,,,,-171,7/12/1899,,1.8445,,,,Yes,,,0,24.24238669,,24.24238669,0,,0,,#NUM!,#NUM!,2.17225,0,Good Bet,0
PrizePicks,NBA,59107,Cade Cunningham,G,DET,Rebounds,3.5,TRUE,N/A,10/20/2026,7:36:36 AM,pre_game,NBA,goblin,https://static.prizepicks.com/images/players/NBA/Cade_Cunningham_NBA_player_mq8YRxGgt7Csv81PJK3QsXJu.webp,13975901,5.50,45.53,54.47,-3.86,54.47,Over,https://www.freeiconspng.com/img/1934,,,,,,,,,,,-120,9/1/1899,,5.0083,,,,Yes,,,0,79.83008013,,79.83008013,0,,0,,#NUM!,#NUM!,5.25415,0,Push,0
PrizePicks,NBA,187999,Jayson Tatum,FG,BOS,3-PT Made,3.5,TRUE,N/A,10/20/2026,7:36:36 AM,pre_game,NBA,demon,https://static.prizepicks.com/images/players/NBA/Jayson_Tatum_NBA_player_m62yMQl0xSxuv8M28c75TQG0.webp,13975906,2.50,53.79,46.21,-1.77,53.79,Over,https://www.freeiconspng.com/img/1934,,,,,,,,,,,-116,9/5/1899,,2.6895,10/1/2026,Day-To-Day,"Jul 27: Tatum (knee) should once again serve as the unquestioned centerpiece of Boston's offense after the Celtics traded Jaylen Brown for Paul George, John Schuhmann of NBA.com reports.",No,,,0,24.24238669,,24.24238669,0,,0,,#NUM!,#NUM!,2.59475,0,Good Bet,0
PrizePicks,NBA,59107,Cade Cunningham,G,DET,3-PT Made,2.5,TRUE,N/A,10/20/2026,7:36:36 AM,pre_game,NBA,demon,https://static.prizepicks.com/images/players/NBA/Cade_Cunningham_NBA_player_mq8YRxGgt7Csv81PJK3QsXJu.webp,13975878,2.50,36.89,63.11,-4.42,63.11,Over,https://www.freeiconspng.com/img/1934,,,,,,,,,,,-171,-171.00,,1.8445,,,,Yes,,,0,45.61868841,,45.61868841,0,,0,,#NUM!,#NUM!,2.17225,0,Good Bet,0
PrizePicks,NBA,59107,Cade Cunningham,G,DET,3-PT Made,1.5,TRUE,N/A,10/20/2026,7:36:36 AM,pre_game,NBA,goblin,https://static.prizepicks.com/images/players/NBA/Cade_Cunningham_NBA_player_mq8YRxGgt7Csv81PJK3QsXJu.webp,13975877,2.50,36.89,63.11,-4.42,63.11,Over,https://www.freeiconspng.com/img/1934,,,,,,,,,,,-171,7/12/1899,,1.8445,,,,Yes,,,0,71.27025048,,71.27025048,0,,0,,#NUM!,#NUM!,2.17225,0,Push,0
PrizePicks,NBA,187999,Jayson Tatum,FG,BOS,3-PT Made,1.5,TRUE,N/A,10/20/2026,7:36:36 AM,pre_game,NBA,goblin,https://static.prizepicks.com/images/players/NBA/Jayson_Tatum_NBA_player_m62yMQl0xSxuv8M28c75TQG0.webp,13975905,2.50,53.79,46.21,-1.77,53.79,Over,https://www.freeiconspng.com/img/1934,,,,,,,,,,,-116,-116.00,,2.6895,10/1/2026,Day-To-Day,"Jul 27: Tatum (knee) should once again serve as the unquestioned centerpiece of Boston's offense after the Celtics traded Jaylen Brown for Paul George, John Schuhmann of NBA.com reports.",No,,,0,71.27025048,,71.27025048,0,,0,,#NUM!,#NUM!,2.59475,0,Push,0
PrizePicks,NBA,188004,Jalen Brunson,G,NYK,Pts+Asts,44.5,TRUE,N/A,10/20/2026,11:36:36 AM,pre_game,NBA,demon,https://static.prizepicks.com/images/players/NBA/Jalen_Brunson_NBA_player_yiwlT8GHgktYu1WBoRvjpRr8.webp,13975954,32.50,50.68,49.32,-8.49,50.68,Over,https://www.freeiconspng.com/img/1934,,,,,,,,,,,-103,-103.00,,32.942,10/1/2026,Day-To-Day,"Jul 7: Brunson is set to undergo surgery on his right wrist/forearm area Tuesday and is expected to require at least two months of rehab, Ian Begley of SportsNet New York reports.",Yes,,,0,2.170335901,,2.170335901,0,,0,,#NUM!,#NUM!,32.721,0,Good Bet,0
PrizePicks,NBA,188004,Jalen Brunson,G,NYK,Pts+Rebs+Asts,44.5,TRUE,N/A,10/20/2026,11:36:36 AM,pre_game,NBA,demon,https://static.prizepicks.com/images/players/NBA/Jalen_Brunson_NBA_player_yiwlT8GHgktYu1WBoRvjpRr8.webp,13975963,35.50,51.36,48.64,-9.17,51.36,Over,https://www.freeiconspng.com/img/1934,,,,,,,,,,,-106,-106.00,,36.4656,10/1/2026,Day-To-Day,"Jul 7: Brunson is set to undergo surgery on his right wrist/forearm area Tuesday and is expected to require at least two months of rehab, Ian Begley of SportsNet New York reports.",Yes,,,0,6.948955277,,6.948955277,0,,0,,#NUM!,#NUM!,35.9828,0,Good Bet,0
PrizePicks,NBA,336267,LeBron James,F,PHI,Pts+Rebs+Asts,44.5,TRUE,N/A,10/20/2026,11:36:36 AM,pre_game,NBA,demon,https://static.prizepicks.com/images/manual/Lebron_James.webp,15590222,,,,,,,,,,,,,,,,,,,,,0,,,,No,,,0,,,,0,,0,,#NUM!,#NUM!,,0,Push,0
PrizePicks,NBA,188004,Jalen Brunson,G,NYK,Pts+Asts,39.5,TRUE,N/A,10/20/2026,11:36:36 AM,pre_game,NBA,demon,https://static.prizepicks.com/images/players/NBA/Jalen_Brunson_NBA_player_yiwlT8GHgktYu1WBoRvjpRr8.webp,13975953,32.50,50.68,49.32,-8.49,50.68,Over,https://www.freeiconspng.com/img/1934,,,,,,,,,,,-103,9/18/1899,,32.942,10/1/2026,Day-To-Day,"Jul 7: Brunson is set to undergo surgery on his right wrist/forearm area Tuesday and is expected to require at least two months of rehab, Ian Begley of SportsNet New York reports.",Yes,,,0,11.20493906,,11.20493906,0,,0,,#NUM!,#NUM!,32.721,0,Good Bet,0
PrizePicks,NBA,188004,Jalen Brunson,G,NYK,Pts+Rebs,39.5,TRUE,N/A,10/20/2026,11:36:36 AM,pre_game,NBA,demon,https://static.prizepicks.com/images/players/NBA/Jalen_Brunson_NBA_player_yiwlT8GHgktYu1WBoRvjpRr8.webp,13975958,29.50,48.48,51.52,-6.29,51.52,Over,https://www.freeiconspng.com/img/1934,,,,,,,,,,,-106,9/15/1899,,28.6032,10/1/2026,Day-To-Day,"Jul 7: Brunson is set to undergo surgery on his right wrist/forearm area Tuesday and is expected to require at least two months of rehab, Ian Begley of SportsNet New York reports.",Yes,,,0,3.763608397,,3.763608397,0,,0,,#NUM!,#NUM!,29.0516,0,Good Bet,0
PrizePicks,NBA,188004,Jalen Brunson,G,NYK,Pts+Rebs+Asts,39.5,TRUE,N/A,10/20/2026,11:36:36 AM,pre_game,NBA,demon,https://static.prizepicks.com/images/players/NBA/Jalen_Brunson_NBA_player_yiwlT8GHgktYu1WBoRvjpRr8.webp,13975962,35.50,51.36,48.64,-9.17,51.36,Over,https://www.freeiconspng.com/img/1934,,,,,,,,,,,-106,9/15/1899,,36.4656,10/1/2026,Day-To-Day,"Jul 7: Brunson is set to undergo surgery on his right wrist/forearm area Tuesday and is expected to require at least two months of rehab, Ian Begley of SportsNet New York reports.",Yes,,,0,24.60891937,,24.60891937,0,,0,,#NUM!,#NUM!,35.9828,0,Good Bet,0
PrizePicks,NBA,336267,LeBron James,F,PHI,Pts+Rebs+Asts,39.5,TRUE,N/A,10/20/2026,11:36:36 AM,pre_game,NBA,demon,https://static.prizepicks.com/images/manual/Lebron_James.webp,13975991,,,,,,,,,,,,,,,,,,,,,0,,,,No,,,0,,,,0,,0,,#NUM!,#NUM!,,0,Push,0
PrizePicks,NBA,188004,Jalen Brunson,G,NYK,Pts+Rebs+Asts,35.5,N/A,N/A,10/20/2026,11:36:36 AM,pre_game,NBA,standard,https://static.prizepicks.com/images/players/NBA/Jalen_Brunson_NBA_player_yiwlT8GHgktYu1WBoRvjpRr8.webp,13975964,35.50,51.36,48.64,-9.17,51.36,Over,https://www.freeiconspng.com/img/1934,,,,,,,,,,,-106,9/15/1899,,36.4656,10/1/2026,Day-To-Day,"Jul 7: Brunson is set to undergo surgery on his right wrist/forearm area Tuesday and is expected to require at least two months of rehab, Ian Begley of SportsNet New York reports.",Yes,,,0,51.36,48.64,51.36,0,,0,,#NUM!,#NUM!,35.9828,0,Great Bet,0
PrizePicks,NBA,188004,Jalen Brunson,G,NYK,Points,34.5,TRUE,N/A,10/20/2026,11:36:36 AM,pre_game,NBA,demon,https://static.prizepicks.com/images/players/NBA/Jalen_Brunson_NBA_player_yiwlT8GHgktYu1WBoRvjpRr8.webp,13975950,25.50,51.25,48.75,-3.7,51.25,Over,https://www.freeiconspng.com/img/1934,,,,,,,,,,,-105,9/16/1899,,26.1375,10/1/2026,Day-To-Day,"Jul 7: Brunson is set to undergo surgery on his right wrist/forearm area Tuesday and is expected to require at least two months of rehab, Ian Begley of SportsNet New York reports.",Yes,,,0,4.255317584,,4.255317584,0,,0,,#NUM!,#NUM!,25.81875,0,Good Bet,0
PrizePicks,NBA,188004,Jalen Brunson,G,NYK,Pts+Rebs,34.5,TRUE,N/A,10/20/2026,11:36:36 AM,pre_game,NBA,demon,https://static.prizepicks.com/images/players/NBA/Jalen_Brunson_NBA_player_yiwlT8GHgktYu1WBoRvjpRr8.webp,13975957,29.50,48.48,51.52,-6.29,51.52,Over,https://www.freeiconspng.com/img/1934,,,,,,,,,,,-106,9/15/1899,,28.6032,10/1/2026,Day-To-Day,"Jul 7: Brunson is set to undergo surgery on his right wrist/forearm area Tuesday and is expected to require at least two months of rehab, Ian Begley of SportsNet New York reports.",Yes,,,0,17.71634803,,17.71634803,0,,0,,#NUM!,#NUM!,29.0516,0,Good Bet,0
PrizePicks,NBA,188004,Jalen Brunson,G,NYK,Pts+Rebs+Asts,34.5,TRUE,N/A,10/20/2026,11:36:36 AM,pre_game,NBA,goblin,https://static.prizepicks.com/images/players/NBA/Jalen_Brunson_NBA_player_yiwlT8GHgktYu1WBoRvjpRr8.webp,13975961,35.50,51.36,48.64,-9.17,51.36,Over,https://www.freeiconspng.com/img/1934,,,,,,,,,,,-106,9/15/1899,,36.4656,10/1/2026,Day-To-Day,"Jul 7: Brunson is set to undergo surgery on his right wrist/forearm area Tuesday and is expected to require at least two months of rehab, Ian Begley of SportsNet New York reports.",Yes,,,0,55.58404919,,55.58404919,0,,0,,#NUM!,#NUM!,35.9828,0,Push,0
PrizePicks,NBA,336267,LeBron James,F,PHI,Pts+Asts,34.5,TRUE,N/A,10/20/2026,11:36:36 AM,pre_game,NBA,demon,https://static.prizepicks.com/images/manual/Lebron_James.webp,13975983,,,,,,,,,,,,,,,,,,,,,0,,,,No,,,0,,,,0,,0,,#NUM!,#NUM!,,0,Push,0
PrizePicks,NBA,336267,LeBron James,F,PHI,Pts+Rebs,34.5,TRUE,N/A,10/20/2026,11:36:36 AM,pre_game,NBA,demon,https://static.prizepicks.com/images/manual/Lebron_James.webp,13975987,,,,,,,,,,,,,,,,,,,,,0,,,,No,,,0,,,,0,,0,,#NUM!,#NUM!,,0,Push,0
PrizePicks,NBA,336267,LeBron James,F,PHI,Pts+Rebs+Asts,34.5,TRUE,N/A,10/20/2026,11:36:36 AM,pre_game,NBA,demon,https://static.prizepicks.com/images/manual/Lebron_James.webp,13975990,,,,,,,,,,,,,,,,,,,,,0,,,,No,,,0,,,,0,,0,,#NUM!,#NUM!,,0,Push,0
PrizePicks,NBA,188004,Jalen Brunson,G,NYK,Pts+Asts,32.5,N/A,N/A,10/20/2026,11:36:36 AM,pre_game,NBA,standard,https://static.prizepicks.com/images/players/NBA/Jalen_Brunson_NBA_player_yiwlT8GHgktYu1WBoRvjpRr8.webp,13975955,32.50,50.68,49.32,-8.49,50.68,Over,https://www.freeiconspng.com/img/1934,,,,,,,,,,,-103,9/18/1899,,32.942,10/1/2026,Day-To-Day,"Jul 7: Brunson is set to undergo surgery on his right wrist/forearm area Tuesday and is expected to require at least two months of rehab, Ian Begley of SportsNet New York reports.",Yes,,,0,50.68,49.32,50.68,0,,0,,#NUM!,#NUM!,32.721,0,Great Bet,0
PrizePicks,NBA,336267,LeBron James,F,PHI,Pts+Rebs+Asts,31.5,N/A,N/A,10/20/2026,11:36:36 AM,pre_game,NBA,standard,https://static.prizepicks.com/images/manual/Lebron_James.webp,13975992,,,,,,,,,,,,,,,,,,,,,0,,,,No,,,0,,,,0,,0,,#NUM!,#NUM!,,0,Push,0
PrizePicks,NBA,188004,Jalen Brunson,G,NYK,Points,29.5,TRUE,N/A,10/20/2026,11:36:36 AM,pre_game,NBA,demon,https://static.prizepicks.com/images/players/NBA/Jalen_Brunson_NBA_player_yiwlT8GHgktYu1WBoRvjpRr8.webp,13975949,25.50,51.25,48.75,-3.7,51.25,Over,https://www.freeiconspng.com/img/1934,,,,,,,,,,,-105,9/16/1899,,26.1375,10/1/2026,Day-To-Day,"Jul 7: Brunson is set to undergo surgery on his right wrist/forearm area Tuesday and is expected to require at least two months of rehab, Ian Begley of SportsNet New York reports.",Yes,,,0,21.04158565,,21.04158565,0,,0,,#NUM!,#NUM!,25.81875,0,Good Bet,0
PrizePicks,NBA,188004,Jalen Brunson,G,NYK,Pts+Asts,29.5,TRUE,N/A,10/20/2026,11:36:36 AM,pre_game,NBA,goblin,https://static.prizepicks.com/images/players/NBA/Jalen_Brunson_NBA_player_yiwlT8GHgktYu1WBoRvjpRr8.webp,13975952,32.50,50.68,49.32,-8.49,50.68,Over,https://www.freeiconspng.com/img/1934,,,,,,,,,,,-103,9/18/1899,,32.942,10/1/2026,Day-To-Day,"Jul 7: Brunson is set to undergo surgery on his right wrist/forearm area Tuesday and is expected to require at least two months of rehab, Ian Begley of SportsNet New York reports.",Yes,,,0,69.3162627,,69.3162627,0,,0,,#NUM!,#NUM!,32.721,0,Push,0
PrizePicks,NBA,188004,Jalen Brunson,G,NYK,Pts+Rebs,29.5,N/A,N/A,10/20/2026,11:36:36 AM,pre_game,NBA,standard,https://static.prizepicks.com/images/players/NBA/Jalen_Brunson_NBA_player_yiwlT8GHgktYu1WBoRvjpRr8.webp,13975959,29.50,48.48,51.52,-6.29,51.52,Under,https://www.freeiconspng.com/img/1934,,,,,,,,,,,-106,9/15/1899,,28.6032,10/1/2026,Day-To-Day,"Jul 7: Brunson is set to undergo surgery on his right wrist/forearm area Tuesday and is expected to require at least two months of rehab, Ian Begley of SportsNet New York reports.",Yes,,,0,48.48,51.52,51.52,0,,0,,#NUM!,#NUM!,29.0516,0,Push,0
PrizePicks,NBA,188004,Jalen Brunson,G,NYK,Pts+Rebs+Asts,29.5,TRUE,N/A,10/20/2026,11:36:36 AM,pre_game,NBA,goblin,https://static.prizepicks.com/images/players/NBA/Jalen_Brunson_NBA_player_yiwlT8GHgktYu1WBoRvjpRr8.webp,13975960,35.50,51.36,48.64,-9.17,51.36,Over,https://www.freeiconspng.com/img/1934,,,,,,,,,,,-106,9/15/1899,,36.4656,10/1/2026,Day-To-Day,"Jul 7: Brunson is set to undergo surgery on his right wrist/forearm area Tuesday and is expected to require at least two months of rehab, Ian Begley of SportsNet New York reports.",Yes,,,0,84.3428506,,84.3428506,0,,0,,#NUM!,#NUM!,35.9828,0,Push,0
PrizePicks,NBA,336267,LeBron James,F,PHI,Pts+Asts,29.5,TRUE,N/A,10/20/2026,11:36:36 AM,pre_game,NBA,demon,https://static.prizepicks.com/images/manual/Lebron_James.webp,13975982,,,,,,,,,,,,,,,,,,,,,0,,,,No,,,0,,,,0,,0,,#NUM!,#NUM!,,0,Push,0
PrizePicks,NBA,336267,LeBron James,F,PHI,Pts+Rebs,29.5,TRUE,N/A,10/20/2026,11:36:36 AM,pre_game,NBA,demon,https://static.prizepicks.com/images/manual/Lebron_James.webp,13975986,,,,,,,,,,,,,,,,,,,,,0,,,,No,,,0,,,,0,,0,,#NUM!,#NUM!,,0,Push,0
PrizePicks,NBA,336267,LeBron James,F,PHI,Pts+Rebs+Asts,29.5,TRUE,N/A,10/20/2026,11:36:36 AM,pre_game,NBA,goblin,https://static.prizepicks.com/images/manual/Lebron_James.webp,13976139,,,,,,,,,,,,,,,,,,,,,0,,,,No,,,0,,,,0,,0,,#NUM!,#NUM!,,0,Push,0
PrizePicks,NBA,188004,Jalen Brunson,G,NYK,Points,25.5,N/A,N/A,10/20/2026,11:36:36 AM,pre_game,NBA,standard,https://static.prizepicks.com/images/players/NBA/Jalen_Brunson_NBA_player_yiwlT8GHgktYu1WBoRvjpRr8.webp,13952667,25.50,51.25,48.75,-3.7,51.25,Over,https://www.freeiconspng.com/img/1934,,,,,,,,,,,-105,9/16/1899,,26.1375,10/1/2026,Day-To-Day,"Jul 7: Brunson is set to undergo surgery on his right wrist/forearm area Tuesday and is expected to require at least two months of rehab, Ian Begley of SportsNet New York reports.",Yes,,,0,51.25,48.75,51.25,0,,0,,#NUM!,#NUM!,25.81875,0,Great Bet,0
PrizePicks,NBA,188004,Jalen Brunson,G,NYK,Points,24.5,TRUE,N/A,10/20/2026,11:36:36 AM,pre_game,NBA,goblin,https://static.prizepicks.com/images/players/NBA/Jalen_Brunson_NBA_player_yiwlT8GHgktYu1WBoRvjpRr8.webp,13975948,25.50,51.25,48.75,-3.7,51.25,Over,https://www.freeiconspng.com/img/1934,,,,,,,,,,,-105,9/16/1899,,26.1375,10/1/2026,Day-To-Day,"Jul 7: Brunson is set to undergo surgery on his right wrist/forearm area Tuesday and is expected to require at least two months of rehab, Ian Begley of SportsNet New York reports.",Yes,,,0,56.5906065,,56.5906065,0,,0,,#NUM!,#NUM!,25.81875,0,Push,0
PrizePicks,NBA,188004,Jalen Brunson,G,NYK,Pts+Rebs,24.5,TRUE,N/A,10/20/2026,11:36:36 AM,pre_game,NBA,goblin,https://static.prizepicks.com/images/players/NBA/Jalen_Brunson_NBA_player_yiwlT8GHgktYu1WBoRvjpRr8.webp,13975956,29.50,48.48,51.52,-6.29,51.52,Over,https://www.freeiconspng.com/img/1934,,,,,,,,,,,-106,-106.00,,28.6032,10/1/2026,Day-To-Day,"Jul 7: Brunson is set to undergo surgery on his right wrist/forearm area Tuesday and is expected to require at least two months of rehab, Ian Begley of SportsNet New York reports.",Yes,,,0,82.03843124,,82.03843124,0,,0,,#NUM!,#NUM!,29.0516,0,Push,0
PrizePicks,NBA,336267,LeBron James,F,PHI,Points,24.5,TRUE,N/A,10/20/2026,11:36:36 AM,pre_game,NBA,demon,https://static.prizepicks.com/images/manual/Lebron_James.webp,13975978,,,,,,,,,,,,,,,,,,,,,0,,,,No,,,0,,,,0,,0,,#NUM!,#NUM!,,0,Push,0
PrizePicks,NBA,336267,LeBron James,F,PHI,Pts+Asts,24.5,N/A,N/A,10/20/2026,11:36:36 AM,pre_game,NBA,standard,https://static.prizepicks.com/images/manual/Lebron_James.webp,13975984,,,,,,,,,,,,,,,,,,,,,0,,,,No,,,0,,,,0,,0,,#NUM!,#NUM!,,0,Push,0
PrizePicks,NBA,336267,LeBron James,F,PHI,Pts+Rebs+Asts,24.5,TRUE,N/A,10/20/2026,11:36:36 AM,pre_game,NBA,goblin,https://static.prizepicks.com/images/manual/Lebron_James.webp,13975989,,,,,,,,,,,,,,,,,,,,,0,,,,No,,,0,,,,0,,0,,#NUM!,#NUM!,,0,Push,0
PrizePicks,NBA,336267,LeBron James,F,PHI,Pts+Rebs,24.5,TRUE,N/A,10/20/2026,11:36:36 AM,pre_game,NBA,demon,https://static.prizepicks.com/images/manual/Lebron_James.webp,13976138,,,,,,,,,,,,,,,,,,,,,0,,,,No,,,0,,,,0,,0,,#NUM!,#NUM!,,0,Push,0
PrizePicks,NBA,336267,LeBron James,F,PHI,Pts+Rebs,23.5,N/A,N/A,10/20/2026,11:36:36 AM,pre_game,NBA,standard,https://static.prizepicks.com/images/manual/Lebron_James.webp,13975988,,,,,,,,,,,,,,,,,,,,,0,,,,No,,,0,,,,0,,0,,#NUM!,#NUM!,,0,Push,0
PrizePicks,NBA,188004,Jalen Brunson,G,NYK,Points,19.5,TRUE,N/A,10/20/2026,11:36:36 AM,pre_game,NBA,goblin,https://static.prizepicks.com/images/players/NBA/Jalen_Brunson_NBA_player_yiwlT8GHgktYu1WBoRvjpRr8.webp,13975947,25.50,51.25,48.75,-3.7,51.25,Over,https://www.freeiconspng.com/img/1934,,,,,,,,,,,-105,9/16/1899,,26.1375,10/1/2026,Day-To-Day,"Jul 7: Brunson is set to undergo surgery on his right wrist/forearm area Tuesday and is expected to require at least two months of rehab, Ian Begley of SportsNet New York reports.",Yes,,,0,88.59707302,,88.59707302,0,,0,,#NUM!,#NUM!,25.81875,0,Push,0
PrizePicks,NBA,336267,LeBron James,F,PHI,Points,19.5,TRUE,N/A,10/20/2026,11:36:36 AM,pre_game,NBA,demon,https://static.prizepicks.com/images/manual/Lebron_James.webp,13975977,,,,,,,,,,,,,,,,,,,,,0,,,,No,,,0,,,,0,,0,,#NUM!,#NUM!,,0,Push,0
PrizePicks,NBA,336267,LeBron James,F,PHI,Pts+Asts,19.5,TRUE,N/A,10/20/2026,11:36:36 AM,pre_game,NBA,goblin,https://static.prizepicks.com/images/manual/Lebron_James.webp,13975980,,,,,,,,,,,,,,,,,,,,,0,,,,No,,,0,,,,0,,0,,#NUM!,#NUM!,,0,Push,0
PrizePicks,NBA,336267,LeBron James,F,PHI,Pts+Rebs,19.5,TRUE,N/A,10/20/2026,11:36:36 AM,pre_game,NBA,goblin,https://static.prizepicks.com/images/manual/Lebron_James.webp,13975985,,,,,,,,,,,,,,,,,,,,,0,,,,No,,,0,,,,0,,0,,#NUM!,#NUM!,,0,Push,0
PrizePicks,NBA,336267,LeBron James,F,PHI,Rebs+Asts,19.5,TRUE,N/A,10/20/2026,11:36:36 AM,pre_game,NBA,demon,https://static.prizepicks.com/images/manual/Lebron_James.webp,13976140,,,,,,,,,,,,,,,,,,,,,0,,,,No,,,0,,,,0,,0,,#NUM!,#NUM!,,0,Push,0
PrizePicks,NBA,336267,LeBron James,F,PHI,Points,17,N/A,N/A,10/20/2026,11:36:36 AM,pre_game,NBA,standard,https://static.prizepicks.com/images/manual/Lebron_James.webp,13952668,,,,,,,,,,,,,,,,,,,,,0,,,,No,,,0,,,,0,,0,,#NUM!,#NUM!,,0,Push,0
PrizePicks,NBA,336267,LeBron James,F,PHI,Points,14.5,TRUE,N/A,10/20/2026,11:36:36 AM,pre_game,NBA,goblin,https://static.prizepicks.com/images/manual/Lebron_James.webp,13975976,,,,,,,,,,,,,,,,,,,,,0,,,,No,,,0,,,,0,,0,,#NUM!,#NUM!,,0,Push,0
PrizePicks,NBA,336267,LeBron James,F,PHI,Rebs+Asts,14.5,TRUE,N/A,10/20/2026,11:36:36 AM,pre_game,NBA,demon,https://static.prizepicks.com/images/manual/Lebron_James.webp,13975997,,,,,,,,,,,,,,,,,,,,,0,,,,No,,,0,,,,0,,0,,#NUM!,#NUM!,,0,Push,0
PrizePicks,NBA,188004,Jalen Brunson,G,NYK,Rebs+Asts,14.5,TRUE,N/A,10/20/2026,11:36:36 AM,pre_game,NBA,demon,https://static.prizepicks.com/images/players/NBA/Jalen_Brunson_NBA_player_yiwlT8GHgktYu1WBoRvjpRr8.webp,13976137,9.50,50.68,49.32,-8.49,50.68,Over,https://www.freeiconspng.com/img/1934,,,,,,,,,,,-103,9/18/1899,,9.6292,10/1/2026,Day-To-Day,"Jul 7: Brunson is set to undergo surgery on his right wrist/forearm area Tuesday and is expected to require at least two months of rehab, Ian Begley of SportsNet New York reports.",Yes,,,0,5.999198861,,5.999198861,0,,0,,#NUM!,#NUM!,9.5646,0,Good Bet,0
PrizePicks,NBA,336267,LeBron James,F,PHI,Assists,11.5,TRUE,N/A,10/20/2026,11:36:36 AM,pre_game,NBA,demon,https://static.prizepicks.com/images/manual/Lebron_James.webp,15590221,,,,,,,,,,,,,,,,,,,,,0,,,,No,,,0,,,,0,,0,,#NUM!,#NUM!,,0,Push,0
PrizePicks,NBA,188004,Jalen Brunson,G,NYK,Assists,9.5,TRUE,N/A,10/20/2026,11:36:36 AM,pre_game,NBA,demon,https://static.prizepicks.com/images/players/NBA/Jalen_Brunson_NBA_player_yiwlT8GHgktYu1WBoRvjpRr8.webp,13975944,6.50,50,50,-3.27,50,Over,https://www.freeiconspng.com/img/1934,,,,,,,,,,,100,100.00,,6.5,10/1/2026,Day-To-Day,"Jul 7: Brunson is set to undergo surgery on his right wrist/forearm area Tuesday and is expected to require at least two months of rehab, Ian Begley of SportsNet New York reports.",Yes,,,0,12.26159507,,12.26159507,0,,0,,#NUM!,#NUM!,6.5,0,Good Bet,0
PrizePicks,NBA,188004,Jalen Brunson,G,NYK,Rebs+Asts,9.5,N/A,N/A,10/20/2026,11:36:36 AM,pre_game,NBA,standard,https://static.prizepicks.com/images/players/NBA/Jalen_Brunson_NBA_player_yiwlT8GHgktYu1WBoRvjpRr8.webp,13975967,9.50,50.68,49.32,-8.49,50.68,Over,https://www.freeiconspng.com/img/1934,,,,,,,,,,,-103,9/18/1899,,9.6292,10/1/2026,Day-To-Day,"Jul 7: Brunson is set to undergo surgery on his right wrist/forearm area Tuesday and is expected to require at least two months of rehab, Ian Begley of SportsNet New York reports.",Yes,,,0,50.68,49.32,50.68,0,,0,,#NUM!,#NUM!,9.5646,0,Great Bet,0
PrizePicks,NBA,336267,LeBron James,F,PHI,Assists,9.5,TRUE,N/A,10/20/2026,11:36:36 AM,pre_game,NBA,demon,https://static.prizepicks.com/images/manual/Lebron_James.webp,13975973,,,,,,,,,,,,,,,,,,,,,0,,,,No,,,0,,,,0,,0,,#NUM!,#NUM!,,0,Push,0
PrizePicks,NBA,336267,LeBron James,F,PHI,Rebounds,9.5,TRUE,N/A,10/20/2026,11:36:36 AM,pre_game,NBA,demon,https://static.prizepicks.com/images/manual/Lebron_James.webp,13975996,,,,,,,,,,,,,,,,,,,,,0,,,,No,,,0,,,,0,,0,,#NUM!,#NUM!,,0,Push,0
PrizePicks,NBA,188004,Jalen Brunson,G,NYK,Assists,7.5,TRUE,N/A,10/20/2026,11:36:36 AM,pre_game,NBA,demon,https://static.prizepicks.com/images/players/NBA/Jalen_Brunson_NBA_player_yiwlT8GHgktYu1WBoRvjpRr8.webp,13975942,6.50,50,50,-3.27,50,Over,https://www.freeiconspng.com/img/1934,,,,,,,,,,,100,4/9/1900,,6.5,10/1/2026,Day-To-Day,"Jul 7: Brunson is set to undergo surgery on his right wrist/forearm area Tuesday and is expected to require at least two months of rehab, Ian Begley of SportsNet New York reports.",Yes,,,0,32.72422199,,32.72422199,0,,0,,#NUM!,#NUM!,6.5,0,Good Bet,0
PrizePicks,NBA,336267,LeBron James,F,PHI,Rebounds,7.5,TRUE,N/A,10/20/2026,11:36:36 AM,pre_game,NBA,demon,https://static.prizepicks.com/images/manual/Lebron_James.webp,13975994,,,,,,,,,,,,,,,,,,,,,0,,,,No,,,0,,,,0,,0,,#NUM!,#NUM!,,0,Push,0
PrizePicks,NBA,188004,Jalen Brunson,G,NYK,Assists,6.5,N/A,N/A,10/20/2026,11:36:36 AM,pre_game,NBA,standard,https://static.prizepicks.com/images/players/NBA/Jalen_Brunson_NBA_player_yiwlT8GHgktYu1WBoRvjpRr8.webp,13975945,6.50,50,50,-3.27,50,Over,https://www.freeiconspng.com/img/1934,,,,,,,,,,,100,4/9/1900,,6.5,10/1/2026,Day-To-Day,"Jul 7: Brunson is set to undergo surgery on his right wrist/forearm area Tuesday and is expected to require at least two months of rehab, Ian Begley of SportsNet New York reports.",Yes,,,0,50,50,50,0,,0,,#NUM!,#NUM!,6.5,0,Good Bet,0
PrizePicks,NBA,336267,LeBron James,F,PHI,Rebounds,6.5,TRUE,N/A,10/20/2026,11:36:36 AM,pre_game,NBA,demon,https://static.prizepicks.com/images/manual/Lebron_James.webp,13975995,,,,,,,,,,,,,,,,,,,,,0,,,,No,,,0,,,,0,,0,,#NUM!,#NUM!,,0,Push,0
PrizePicks,NBA,188004,Jalen Brunson,G,NYK,Assists,5.5,TRUE,N/A,10/20/2026,11:36:36 AM,pre_game,NBA,goblin,https://static.prizepicks.com/images/players/NBA/Jalen_Brunson_NBA_player_yiwlT8GHgktYu1WBoRvjpRr8.webp,13975941,6.50,50,50,-3.27,50,Over,https://www.freeiconspng.com/img/1934,,,,,,,,,,,100,4/9/1900,,6.5,10/1/2026,Day-To-Day,"Jul 7: Brunson is set to undergo surgery on his right wrist/forearm area Tuesday and is expected to require at least two months of rehab, Ian Begley of SportsNet New York reports.",Yes,,,0,63.09593164,,63.09593164,0,,0,,#NUM!,#NUM!,6.5,0,Push,0
PrizePicks,NBA,336267,LeBron James,F,PHI,Assists,5.5,TRUE,N/A,10/20/2026,11:36:36 AM,pre_game,NBA,goblin,https://static.prizepicks.com/images/manual/Lebron_James.webp,13975971,,,,,,,,,,,,,,,,,,,,,0,,,,No,,,0,,,,0,,0,,#NUM!,#NUM!,,0,Push,0
PrizePicks,NBA,336267,LeBron James,F,PHI,Rebounds,5.5,TRUE,N/A,10/20/2026,11:36:36 AM,pre_game,NBA,goblin,https://static.prizepicks.com/images/manual/Lebron_James.webp,13975993,,,,,,,,,,,,,,,,,,,,,0,,,,No,,,0,,,,0,,0,,#NUM!,#NUM!,,0,Push,0
PrizePicks,NBA,188004,Jalen Brunson,G,NYK,Rebounds,5.5,TRUE,N/A,10/20/2026,11:36:36 AM,pre_game,NBA,demon,https://static.prizepicks.com/images/players/NBA/Jalen_Brunson_NBA_player_yiwlT8GHgktYu1WBoRvjpRr8.webp,13976136,2.50,59.05,40.95,-4.45,59.05,Over,https://www.freeiconspng.com/img/1934,,,,,,,,,,,-144,-144.00,,2.9525,10/1/2026,Day-To-Day,"Jul 7: Brunson is set to undergo surgery on his right wrist/forearm area Tuesday and is expected to require at least two months of rehab, Ian Begley of SportsNet New York reports.",Yes,,,0,4.20210382,,4.20210382,0,,0,,#NUM!,#NUM!,2.72625,0,Good Bet,0
PrizePicks,NBA,188004,Jalen Brunson,G,NYK,3-PT Made,4.5,TRUE,N/A,10/20/2026,11:36:36 AM,pre_game,NBA,demon,https://static.prizepicks.com/images/players/NBA/Jalen_Brunson_NBA_player_yiwlT8GHgktYu1WBoRvjpRr8.webp,13975940,2.50,43.3,56.7,-4.24,56.7,Over,https://www.freeiconspng.com/img/1934,,,,,,,,,,,-131,-131.00,,2.165,10/1/2026,Day-To-Day,"Jul 7: Brunson is set to undergo surgery on his right wrist/forearm area Tuesday and is expected to require at least two months of rehab, Ian Begley of SportsNet New York reports.",Yes,,,0,10.88219811,,10.88219811,0,,0,,#NUM!,#NUM!,2.3325,0,Good Bet,0
PrizePicks,NBA,188004,Jalen Brunson,G,NYK,3-PT Made,3.5,TRUE,N/A,10/20/2026,11:36:36 AM,pre_game,NBA,demon,https://static.prizepicks.com/images/players/NBA/Jalen_Brunson_NBA_player_yiwlT8GHgktYu1WBoRvjpRr8.webp,13975938,2.50,43.3,56.7,-4.24,56.7,Over,https://www.freeiconspng.com/img/1934,,,,,,,,,,,-131,8/21/1899,,2.165,10/1/2026,Day-To-Day,"Jul 7: Brunson is set to undergo surgery on his right wrist/forearm area Tuesday and is expected to require at least two months of rehab, Ian Begley of SportsNet New York reports.",Yes,,,0,24.24238669,,24.24238669,0,,0,,#NUM!,#NUM!,2.3325,0,Good Bet,0
PrizePicks,NBA,188004,Jalen Brunson,G,NYK,Rebounds,3.5,TRUE,N/A,10/20/2026,11:36:36 AM,pre_game,NBA,demon,https://static.prizepicks.com/images/players/NBA/Jalen_Brunson_NBA_player_yiwlT8GHgktYu1WBoRvjpRr8.webp,13975966,2.50,59.05,40.95,-4.45,59.05,Over,https://www.freeiconspng.com/img/1934,,,,,,,,,,,-144,8/8/1899,,2.9525,10/1/2026,Day-To-Day,"Jul 7: Brunson is set to undergo surgery on his right wrist/forearm area Tuesday and is expected to require at least two months of rehab, Ian Begley of SportsNet New York reports.",Yes,,,0,24.24238669,,24.24238669,0,,0,,#NUM!,#NUM!,2.72625,0,Good Bet,0
PrizePicks,NBA,188004,Jalen Brunson,G,NYK,3-PT Made,2.5,TRUE,N/A,10/20/2026,11:36:36 AM,pre_game,NBA,demon,https://static.prizepicks.com/images/players/NBA/Jalen_Brunson_NBA_player_yiwlT8GHgktYu1WBoRvjpRr8.webp,13975939,2.50,43.3,56.7,-4.24,56.7,Over,https://www.freeiconspng.com/img/1934,,,,,,,,,,,-131,8/21/1899,,2.165,10/1/2026,Day-To-Day,"Jul 7: Brunson is set to undergo surgery on his right wrist/forearm area Tuesday and is expected to require at least two months of rehab, Ian Begley of SportsNet New York reports.",Yes,,,0,45.61868841,,45.61868841,0,,0,,#NUM!,#NUM!,2.3325,0,Good Bet,0
PrizePicks,NBA,188004,Jalen Brunson,G,NYK,Rebounds,2.5,TRUE,N/A,10/20/2026,11:36:36 AM,pre_game,NBA,goblin,https://static.prizepicks.com/images/players/NBA/Jalen_Brunson_NBA_player_yiwlT8GHgktYu1WBoRvjpRr8.webp,13975965,2.50,59.05,40.95,-4.45,59.05,Over,https://www.freeiconspng.com/img/1934,,,,,,,,,,,-144,8/8/1899,,2.9525,10/1/2026,Day-To-Day,"Jul 7: Brunson is set to undergo surgery on his right wrist/forearm area Tuesday and is expected to require at least two months of rehab, Ian Begley of SportsNet New York reports.",Yes,,,0,45.61868841,,45.61868841,0,,0,,#NUM!,#NUM!,2.72625,0,Great Bet,0
PrizePicks,NBA,336267,LeBron James,F,PHI,3-PT Made,2.5,TRUE,N/A,10/20/2026,11:36:36 AM,pre_game,NBA,demon,https://static.prizepicks.com/images/manual/Lebron_James.webp,13975969,,,,,,,,,,,,,,,,,,,,,0,,,,No,,,0,,,,0,,0,,#NUM!,#NUM!,,0,Push,0
PrizePicks,NBA,188004,Jalen Brunson,G,NYK,3-PT Made,1.5,TRUE,N/A,10/20/2026,11:36:36 AM,pre_game,NBA,goblin,https://static.prizepicks.com/images/players/NBA/Jalen_Brunson_NBA_player_yiwlT8GHgktYu1WBoRvjpRr8.webp,13975937,2.50,43.3,56.7,-4.24,56.7,Over,https://www.freeiconspng.com/img/1934,,,,,,,,,,,-131,8/21/1899,,2.165,10/1/2026,Day-To-Day,"Jul 7: Brunson is set to undergo surgery on his right wrist/forearm area Tuesday and is expected to require at least two months of rehab, Ian Begley of SportsNet New York reports.",Yes,,,0,71.27025048,,71.27025048,0,,0,,#NUM!,#NUM!,2.3325,0,Push,0
PrizePicks,NBA,336267,LeBron James,F,PHI,3-PT Made,1.5,TRUE,N/A,10/20/2026,11:36:36 AM,pre_game,NBA,demon,https://static.prizepicks.com/images/manual/Lebron_James.webp,13975970,,,,,,,,,,,,,,,,,,,,,0,,,,No,,,0,,,,0,,0,,#NUM!,#NUM!,,0,Push,0
PrizePicks,NBA,188004,Jalen Brunson,G,NYK,Double-Double,0.5,TRUE,N/A,10/20/2026,11:36:36 AM,pre_game,NBA,demon,https://static.prizepicks.com/images/players/NBA/Jalen_Brunson_NBA_player_yiwlT8GHgktYu1WBoRvjpRr8.webp,13975946,,,,,,,,,,,,,,,,,,,,,0,10/1/2026,Day-To-Day,"Jul 7: Brunson is set to undergo surgery on his right wrist/forearm area Tuesday and is expected to require at least two months of rehab, Ian Begley of SportsNet New York reports.",Yes,,,0,,,,0,,0,,0,0,,0,Push,0
PrizePicks,NBA,336267,LeBron James,F,PHI,3-PT Made,0.5,TRUE,N/A,10/20/2026,11:36:36 AM,pre_game,NBA,goblin,https://static.prizepicks.com/images/manual/Lebron_James.webp,13975968,,,,,,,,,,,,,,,,,,,,,0,,,,No,,,0,,,,0,,0,,#NUM!,#NUM!,,0,Push,0
PrizePicks,NBA,336267,LeBron James,F,PHI,Double-Double,0.5,TRUE,N/A,10/20/2026,11:36:36 AM,pre_game,NBA,demon,https://static.prizepicks.com/images/manual/Lebron_James.webp,13975975,,,,,,,,,,,,,,,,,,,,,0,,,,No,,,0,,,,0,,0,,0,0,,0,Push,0
PrizePicks,NBA,173819,Victor Wembanyama,FC,SAS,Rebounds,11.5,TRUE,N/A,10/20/2026,2:06:36 PM,pre_game,NBA,demon,https://static.prizepicks.com/images/players/NBA/Victor_Wembanyama_NBA_player_2EsUEdOt5xmywxPr6qxPdHNs.webp,13976089,11.20,48.56,51.44,-6.19,51.44,Over,https://www.freeiconspng.com/img/1934,,,,,,,,,,,-106,9/18/1899,,10.8774,,,,Yes,,,0,44.45945169,,44.45945169,0,,0,,#NUM!,#NUM!,11.0387,0,Good Bet,0
PrizePicks,NBA,173819,Victor Wembanyama,FC,SAS,Assists,3,N/A,N/A,10/20/2026,2:06:36 PM,pre_game,NBA,standard,https://static.prizepicks.com/images/players/NBA/Victor_Wembanyama_NBA_player_2EsUEdOt5xmywxPr6qxPdHNs.webp,13976094,2.63,57.61,42.39,-7.42,57.61,Over,https://www.freeiconspng.com/img/1934,,,,,,,,,,,-136,-129.00,,3.0303,,,,Yes,,,0,50.50476667,49.49523333,50.50476667,0,,0,,#NUM!,#NUM!,2.83015,0,Great Bet,0
PrizePicks,NBA,188011,Shai Gilgeous-Alexander,G,OKC,3-PT Made,1.5,TRUE,N/A,10/20/2026,2:06:36 PM,pre_game,NBA,demon,https://static.prizepicks.com/images/players/nba/Shai_Gilgeous-Alexander_d9ea4a8f-ff51-408d-b518-980efc2a35a1.webp,13976098,1.50,46.94,53.06,-3.08,53.06,Over,https://www.freeiconspng.com/img/1934,,,,,,,,,,,-113,9/8/1899,,1.4082,,,,No,,,0,44.21745996,,44.21745996,0,,0,,#NUM!,#NUM!,1.4541,0,Good Bet,0
PrizePicks,NBA,173819,Victor Wembanyama,FC,SAS,Pts+Rebs+Asts,54.5,TRUE,N/A,10/20/2026,2:06:36 PM,pre_game,NBA,demon,https://static.prizepicks.com/images/players/NBA/Victor_Wembanyama_NBA_player_2EsUEdOt5xmywxPr6qxPdHNs.webp,13976050,40.50,50,50,-7.81,50,Over,https://www.freeiconspng.com/img/1934,,,,,,,,,,,100,100.00,,40.5,,,,Yes,,,0,1.728092087,,1.728092087,0,,0,,#NUM!,#NUM!,40.5,0,Good Bet,0
PrizePicks,NBA,188011,Shai Gilgeous-Alexander,G,OKC,Pts+Rebs+Asts,49.5,TRUE,N/A,10/20/2026,2:06:36 PM,pre_game,NBA,demon,https://static.prizepicks.com/images/players/nba/Shai_Gilgeous-Alexander_d9ea4a8f-ff51-408d-b518-980efc2a35a1.webp,13976017,40.50,49.62,50.38,-7.43,50.38,Over,https://www.freeiconspng.com/img/1934,,,,,,,,,,,-102,-102.00,,40.1922,,,,No,,,0,8.203322554,,8.203322554,0,,0,,#NUM!,#NUM!,40.3461,0,Good Bet,0
PrizePicks,NBA,173819,Victor Wembanyama,FC,SAS,Pts+Rebs,49.5,TRUE,N/A,10/20/2026,2:06:36 PM,pre_game,NBA,demon,https://static.prizepicks.com/images/players/NBA/Victor_Wembanyama_NBA_player_2EsUEdOt5xmywxPr6qxPdHNs.webp,13976045,37.50,49.32,50.68,-7.13,50.68,Over,https://www.freeiconspng.com/img/1934,,,,,,,,,,,-103,9/18/1899,,36.99,,,,Yes,,,0,2.918170115,,2.918170115,0,,0,,#NUM!,#NUM!,37.245,0,Good Bet,0
PrizePicks,NBA,173819,Victor Wembanyama,FC,SAS,Pts+Rebs+Asts,49.5,TRUE,N/A,10/20/2026,2:06:36 PM,pre_game,NBA,demon,https://static.prizepicks.com/images/players/NBA/Victor_Wembanyama_NBA_player_2EsUEdOt5xmywxPr6qxPdHNs.webp,13976049,40.50,50,50,-7.81,50,Over,https://www.freeiconspng.com/img/1934,,,,,,,,,,,100,4/9/1900,,40.5,,,,Yes,,,0,8.203322554,,8.203322554,0,,0,,#NUM!,#NUM!,40.5,0,Good Bet,0
PrizePicks,NBA,188011,Shai Gilgeous-Alexander,G,OKC,Pts+Asts,44.5,TRUE,N/A,10/20/2026,2:06:36 PM,pre_game,NBA,demon,https://static.prizepicks.com/images/players/nba/Shai_Gilgeous-Alexander_d9ea4a8f-ff51-408d-b518-980efc2a35a1.webp,13976009,36.50,48.81,51.19,-6.62,51.19,Over,https://www.freeiconspng.com/img/1934,,,,,,,,,,,-105,9/16/1899,,35.6313,,,,No,,,0,9.569477846,,9.569477846,0,,0,,#NUM!,#NUM!,36.06565,0,Good Bet,0
PrizePicks,NBA,188011,Shai Gilgeous-Alexander,G,OKC,Pts+Rebs,44.5,TRUE,N/A,10/20/2026,2:06:36 PM,pre_game,NBA,demon,https://static.prizepicks.com/images/players/nba/Shai_Gilgeous-Alexander_d9ea4a8f-ff51-408d-b518-980efc2a35a1.webp,13976013,34.50,49.12,50.88,-6.93,50.88,Over,https://www.freeiconspng.com/img/1934,,,,,,,,,,,-104,-104.00,,33.8928,,,,No,,,0,4.885319561,,4.885319561,0,,0,,#NUM!,#NUM!,34.1964,0,Good Bet,0
PrizePicks,NBA,188011,Shai Gilgeous-Alexander,G,OKC,Pts+Rebs+Asts,44.5,TRUE,N/A,10/20/2026,2:06:36 PM,pre_game,NBA,demon,https://static.prizepicks.com/images/players/nba/Shai_Gilgeous-Alexander_d9ea4a8f-ff51-408d-b518-980efc2a35a1.webp,13976016,40.50,49.62,50.38,-7.43,50.38,Over,https://www.freeiconspng.com/img/1934,,,,,,,,,,,-102,9/19/1899,,40.1922,,,,No,,,0,25.96449309,,25.96449309,0,,0,,#NUM!,#NUM!,40.3461,0,Good Bet,0
PrizePicks,NBA,173819,Victor Wembanyama,FC,SAS,Pts+Rebs,44.5,TRUE,N/A,10/20/2026,2:06:36 PM,pre_game,NBA,demon,https://static.prizepicks.com/images/players/NBA/Victor_Wembanyama_NBA_player_2EsUEdOt5xmywxPr6qxPdHNs.webp,13976043,37.50,49.32,50.68,-7.13,50.68,Over,https://www.freeiconspng.com/img/1934,,,,,,,,,,,-103,9/18/1899,,36.99,,,,Yes,,,0,12.78644378,,12.78644378,0,,0,,#NUM!,#NUM!,37.245,0,Good Bet,0
PrizePicks,NBA,173819,Victor Wembanyama,FC,SAS,Pts+Rebs+Asts,44.5,TRUE,N/A,10/20/2026,2:06:36 PM,pre_game,NBA,demon,https://static.prizepicks.com/images/players/NBA/Victor_Wembanyama_NBA_player_2EsUEdOt5xmywxPr6qxPdHNs.webp,13976048,40.50,50,50,-7.81,50,Over,https://www.freeiconspng.com/img/1934,,,,,,,,,,,100,4/9/1900,,40.5,,,,Yes,,,0,25.96449309,,25.96449309,0,,0,,#NUM!,#NUM!,40.5,0,Good Bet,0
PrizePicks,NBA,188011,Shai Gilgeous-Alexander,G,OKC,Pts+Rebs+Asts,40.5,N/A,N/A,10/20/2026,2:06:36 PM,pre_game,NBA,standard,https://static.prizepicks.com/images/players/nba/Shai_Gilgeous-Alexander_d9ea4a8f-ff51-408d-b518-980efc2a35a1.webp,13976018,40.50,49.62,50.38,-7.43,50.38,Under,https://www.freeiconspng.com/img/1934,,,,,,,,,,,-102,9/19/1899,,40.1922,,,,No,,,0,49.62,50.38,50.38,0,,0,,#NUM!,#NUM!,40.3461,0,Push,0
PrizePicks,NBA,173819,Victor Wembanyama,FC,SAS,Pts+Rebs+Asts,40.5,N/A,N/A,10/20/2026,2:06:36 PM,pre_game,NBA,standard,https://static.prizepicks.com/images/players/NBA/Victor_Wembanyama_NBA_player_2EsUEdOt5xmywxPr6qxPdHNs.webp,13976051,40.50,50,50,-7.81,50,Over,https://www.freeiconspng.com/img/1934,,,,,,,,,,,100,100.00,,40.5,,,,Yes,,,0,50,50,50,0,,0,,#NUM!,#NUM!,40.5,0,Good Bet,0
PrizePicks,NBA,188011,Shai Gilgeous-Alexander,G,OKC,Points,39.5,TRUE,N/A,10/20/2026,2:06:36 PM,pre_game,NBA,demon,https://static.prizepicks.com/images/players/nba/Shai_Gilgeous-Alexander_d9ea4a8f-ff51-408d-b518-980efc2a35a1.webp,13976004,29.50,51.5,48.5,-4.06,51.5,Over,https://www.freeiconspng.com/img/1934,,,,,,,,,,,-106,9/15/1899,,30.385,,,,No,,,0,3.763608397,,3.763608397,0,,0,,#NUM!,#NUM!,29.9425,0,Good Bet,0
PrizePicks,NBA,188011,Shai Gilgeous-Alexander,G,OKC,Pts+Asts,39.5,TRUE,N/A,10/20/2026,2:06:36 PM,pre_game,NBA,demon,https://static.prizepicks.com/images/players/nba/Shai_Gilgeous-Alexander_d9ea4a8f-ff51-408d-b518-980efc2a35a1.webp,13976008,36.50,48.81,51.19,-6.62,51.19,Over,https://www.freeiconspng.com/img/1934,,,,,,,,,,,-105,9/16/1899,,35.6313,,,,No,,,0,30.24779426,,30.24779426,0,,0,,#NUM!,#NUM!,36.06565,0,Good Bet,0
PrizePicks,NBA,188011,Shai Gilgeous-Alexander,G,OKC,Pts+Rebs,39.5,TRUE,N/A,10/20/2026,2:06:36 PM,pre_game,NBA,demon,https://static.prizepicks.com/images/players/nba/Shai_Gilgeous-Alexander_d9ea4a8f-ff51-408d-b518-980efc2a35a1.webp,13976012,34.50,49.12,50.88,-6.93,50.88,Over,https://www.freeiconspng.com/img/1934,,,,,,,,,,,-104,9/17/1899,,33.8928,,,,No,,,0,19.49890391,,19.49890391,0,,0,,#NUM!,#NUM!,34.1964,0,Good Bet,0
PrizePicks,NBA,173819,Victor Wembanyama,FC,SAS,Pts+Asts,39.5,TRUE,N/A,10/20/2026,2:06:36 PM,pre_game,NBA,demon,https://static.prizepicks.com/images/players/NBA/Victor_Wembanyama_NBA_player_2EsUEdOt5xmywxPr6qxPdHNs.webp,13976039,29.50,48.81,51.19,-6.62,51.19,Over,https://www.freeiconspng.com/img/1934,,,,,,,,,,,-105,9/16/1899,,28.7979,,,,Yes,,,0,3.763608397,,3.763608397,0,,0,,#NUM!,#NUM!,29.14895,0,Good Bet,0
PrizePicks,NBA,173819,Victor Wembanyama,FC,SAS,Pts+Rebs,39.5,TRUE,N/A,10/20/2026,2:06:36 PM,pre_game,NBA,demon,https://static.prizepicks.com/images/players/NBA/Victor_Wembanyama_NBA_player_2EsUEdOt5xmywxPr6qxPdHNs.webp,13976044,37.50,49.32,50.68,-7.13,50.68,Over,https://www.freeiconspng.com/img/1934,,,,,,,,,,,-103,9/18/1899,,36.99,,,,Yes,,,0,36.28622289,,36.28622289,0,,0,,#NUM!,#NUM!,37.245,0,Good Bet,0
PrizePicks,NBA,173819,Victor Wembanyama,FC,SAS,Pts+Rebs,37.5,N/A,N/A,10/20/2026,2:06:36 PM,pre_game,NBA,standard,https://static.prizepicks.com/images/players/NBA/Victor_Wembanyama_NBA_player_2EsUEdOt5xmywxPr6qxPdHNs.webp,13976046,37.50,49.32,50.68,-7.13,50.68,Under,https://www.freeiconspng.com/img/1934,,,,,,,,,,,-103,9/18/1899,,36.99,,,,Yes,,,0,49.32,50.68,50.68,0,,0,,#NUM!,#NUM!,37.245,0,Push,0
PrizePicks,NBA,188011,Shai Gilgeous-Alexander,G,OKC,Pts+Asts,36.5,N/A,N/A,10/20/2026,2:06:36 PM,pre_game,NBA,standard,https://static.prizepicks.com/images/players/nba/Shai_Gilgeous-Alexander_d9ea4a8f-ff51-408d-b518-980efc2a35a1.webp,13976010,36.50,48.81,51.19,-6.62,51.19,Under,https://www.freeiconspng.com/img/1934,,,,,,,,,,,-105,9/16/1899,,35.6313,,,,No,,,0,48.81,51.19,51.19,0,,0,,#NUM!,#NUM!,36.06565,0,Push,0
PrizePicks,NBA,188011,Shai Gilgeous-Alexander,G,OKC,Points,34.5,TRUE,N/A,10/20/2026,2:06:36 PM,pre_game,NBA,demon,https://static.prizepicks.com/images/players/nba/Shai_Gilgeous-Alexander_d9ea4a8f-ff51-408d-b518-980efc2a35a1.webp,13976003,29.50,51.5,48.5,-4.06,51.5,Over,https://www.freeiconspng.com/img/1934,,,,,,,,,,,-106,9/15/1899,,30.385,,,,No,,,0,17.71634803,,17.71634803,0,,0,,#NUM!,#NUM!,29.9425,0,Good Bet,0
PrizePicks,NBA,188011,Shai Gilgeous-Alexander,G,OKC,Pts+Asts,34.5,TRUE,N/A,10/20/2026,2:06:36 PM,pre_game,NBA,goblin,https://static.prizepicks.com/images/players/nba/Shai_Gilgeous-Alexander_d9ea4a8f-ff51-408d-b518-980efc2a35a1.webp,13976007,36.50,48.81,51.19,-6.62,51.19,Over,https://www.freeiconspng.com/img/1934,,,,,,,,,,,-105,9/16/1899,,35.6313,,,,No,,,0,62.02722899,,62.02722899,0,,0,,#NUM!,#NUM!,36.06565,0,Push,0
PrizePicks,NBA,188011,Shai Gilgeous-Alexander,G,OKC,Pts+Rebs,34.5,N/A,N/A,10/20/2026,2:06:36 PM,pre_game,NBA,standard,https://static.prizepicks.com/images/players/nba/Shai_Gilgeous-Alexander_d9ea4a8f-ff51-408d-b518-980efc2a35a1.webp,13976014,34.50,49.12,50.88,-6.93,50.88,Under,https://www.freeiconspng.com/img/1934,,,,,,,,,,,-104,9/17/1899,,33.8928,,,,No,,,0,49.12,50.88,50.88,0,,0,,#NUM!,#NUM!,34.1964,0,Push,0
PrizePicks,NBA,188011,Shai Gilgeous-Alexander,G,OKC,Pts+Rebs+Asts,34.5,TRUE,N/A,10/20/2026,2:06:36 PM,pre_game,NBA,goblin,https://static.prizepicks.com/images/players/nba/Shai_Gilgeous-Alexander_d9ea4a8f-ff51-408d-b518-980efc2a35a1.webp,13976015,40.50,49.62,50.38,-7.43,50.38,Over,https://www.freeiconspng.com/img/1934,,,,,,,,,,,-102,9/19/1899,,40.1922,,,,No,,,0,82.65656755,,82.65656755,0,,0,,#NUM!,#NUM!,40.3461,0,Push,0
PrizePicks,NBA,173819,Victor Wembanyama,FC,SAS,Points,34.5,TRUE,N/A,10/20/2026,2:06:36 PM,pre_game,NBA,demon,https://static.prizepicks.com/images/players/NBA/Victor_Wembanyama_NBA_player_2EsUEdOt5xmywxPr6qxPdHNs.webp,13976036,26.20,48.33,51.67,-5.23,51.67,Over,https://www.freeiconspng.com/img/1934,,,,,,,,,,,-107,-106.00,,25.3249,,,,Yes,,,0,5.742996672,,5.742996672,0,,0,,#NUM!,#NUM!,25.76245,0,Good Bet,0
PrizePicks,NBA,173819,Victor Wembanyama,FC,SAS,Pts+Asts,34.5,TRUE,N/A,10/20/2026,2:06:36 PM,pre_game,NBA,demon,https://static.prizepicks.com/images/players/NBA/Victor_Wembanyama_NBA_player_2EsUEdOt5xmywxPr6qxPdHNs.webp,13976038,29.50,48.81,51.19,-6.62,51.19,Over,https://www.freeiconspng.com/img/1934,,,,,,,,,,,-105,9/16/1899,,28.7979,,,,Yes,,,0,17.71634803,,17.71634803,0,,0,,#NUM!,#NUM!,29.14895,0,Good Bet,0
PrizePicks,NBA,173819,Victor Wembanyama,FC,SAS,Pts+Rebs,34.5,TRUE,N/A,10/20/2026,2:06:36 PM,pre_game,NBA,goblin,https://static.prizepicks.com/images/players/NBA/Victor_Wembanyama_NBA_player_2EsUEdOt5xmywxPr6qxPdHNs.webp,13976041,37.50,49.32,50.68,-7.13,50.68,Over,https://www.freeiconspng.com/img/1934,,,,,,,,,,,-103,-103.00,,36.99,,,,Yes,,,0,68.04544385,,68.04544385,0,,0,,#NUM!,#NUM!,37.245,0,Push,0
PrizePicks,NBA,173819,Victor Wembanyama,FC,SAS,Pts+Rebs+Asts,34.5,TRUE,N/A,10/20/2026,2:06:36 PM,pre_game,NBA,goblin,https://static.prizepicks.com/images/players/NBA/Victor_Wembanyama_NBA_player_2EsUEdOt5xmywxPr6qxPdHNs.webp,13976047,40.50,50,50,-7.81,50,Over,https://www.freeiconspng.com/img/1934,,,,,,,,,,,100,4/9/1900,,40.5,,,,Yes,,,0,82.65656755,,82.65656755,0,,0,,#NUM!,#NUM!,40.5,0,Push,0
PrizePicks,NBA,188011,Shai Gilgeous-Alexander,G,OKC,Points,29.5,N/A,N/A,10/20/2026,2:06:36 PM,pre_game,NBA,standard,https://static.prizepicks.com/images/players/nba/Shai_Gilgeous-Alexander_d9ea4a8f-ff51-408d-b518-980efc2a35a1.webp,13952669,29.50,51.5,48.5,-4.06,51.5,Over,https://www.freeiconspng.com/img/1934,,,,,,,,,,,-106,9/15/1899,,30.385,,,,No,,,0,51.5,48.5,51.5,0,,0,,#NUM!,#NUM!,29.9425,0,Great Bet,0
PrizePicks,NBA,188011,Shai Gilgeous-Alexander,G,OKC,Pts+Asts,29.5,TRUE,N/A,10/20/2026,2:06:36 PM,pre_game,NBA,goblin,https://static.prizepicks.com/images/players/nba/Shai_Gilgeous-Alexander_d9ea4a8f-ff51-408d-b518-980efc2a35a1.webp,13976006,36.50,48.81,51.19,-6.62,51.19,Over,https://www.freeiconspng.com/img/1934,,,,,,,,,,,-105,9/16/1899,,35.6313,,,,No,,,0,87.90662981,,87.90662981,0,,0,,#NUM!,#NUM!,36.06565,0,Push,0
PrizePicks,NBA,188011,Shai Gilgeous-Alexander,G,OKC,Pts+Rebs,29.5,TRUE,N/A,10/20/2026,2:06:36 PM,pre_game,NBA,goblin,https://static.prizepicks.com/images/players/nba/Shai_Gilgeous-Alexander_d9ea4a8f-ff51-408d-b518-980efc2a35a1.webp,13976011,34.50,49.12,50.88,-6.93,50.88,Over,https://www.freeiconspng.com/img/1934,,,,,,,,,,,-104,9/17/1899,,33.8928,,,,No,,,0,80.06495298,,80.06495298,0,,0,,#NUM!,#NUM!,34.1964,0,Push,0
PrizePicks,NBA,173819,Victor Wembanyama,FC,SAS,Points,29.5,TRUE,N/A,10/20/2026,2:06:36 PM,pre_game,NBA,demon,https://static.prizepicks.com/images/players/NBA/Victor_Wembanyama_NBA_player_2EsUEdOt5xmywxPr6qxPdHNs.webp,13976035,26.20,48.33,51.67,-5.23,51.67,Over,https://www.freeiconspng.com/img/1934,,,,,,,,,,,-107,9/15/1899,,25.3249,,,,Yes,,,0,25.33843073,,25.33843073,0,,0,,#NUM!,#NUM!,25.76245,0,Good Bet,0
PrizePicks,NBA,173819,Victor Wembanyama,FC,SAS,Pts+Asts,29.5,N/A,N/A,10/20/2026,2:06:36 PM,pre_game,NBA,standard,https://static.prizepicks.com/images/players/NBA/Victor_Wembanyama_NBA_player_2EsUEdOt5xmywxPr6qxPdHNs.webp,13976040,29.50,48.81,51.19,-6.62,51.19,Under,https://www.freeiconspng.com/img/1934,,,,,,,,,,,-105,9/16/1899,,28.7979,,,,Yes,,,0,48.81,51.19,51.19,0,,0,,#NUM!,#NUM!,29.14895,0,Push,0
PrizePicks,NBA,173819,Victor Wembanyama,FC,SAS,Pts+Rebs,29.5,TRUE,N/A,10/20/2026,2:06:36 PM,pre_game,NBA,goblin,https://static.prizepicks.com/images/players/NBA/Victor_Wembanyama_NBA_player_2EsUEdOt5xmywxPr6qxPdHNs.webp,13976042,37.50,49.32,50.68,-7.13,50.68,Over,https://www.freeiconspng.com/img/1934,,,,,,,,,,,-103,-103.00,,36.99,,,,Yes,,,0,90.80982975,,90.80982975,0,,0,,#NUM!,#NUM!,37.245,0,Push,0
PrizePicks,NBA,173819,Victor Wembanyama,FC,SAS,Points,26,N/A,N/A,10/20/2026,2:06:36 PM,pre_game,NBA,standard,https://static.prizepicks.com/images/players/NBA/Victor_Wembanyama_NBA_player_2EsUEdOt5xmywxPr6qxPdHNs.webp,13952671,26.20,48.33,51.67,-5.23,51.67,Under,https://www.freeiconspng.com/img/1934,,,,,,,,,,,-107,9/15/1899,,25.3249,,,,Yes,,,0,48.70176923,51.29823077,51.29823077,0,,0,,#NUM!,#NUM!,25.76245,0,Great Bet,0
PrizePicks,NBA,188011,Shai Gilgeous-Alexander,G,OKC,Points,24.5,TRUE,N/A,10/20/2026,2:06:36 PM,pre_game,NBA,goblin,https://static.prizepicks.com/images/players/nba/Shai_Gilgeous-Alexander_d9ea4a8f-ff51-408d-b518-980efc2a35a1.webp,13976002,29.50,51.5,48.5,-4.06,51.5,Over,https://www.freeiconspng.com/img/1934,,,,,,,,,,,-106,9/15/1899,,30.385,,,,No,,,0,82.03843124,,82.03843124,0,,0,,#NUM!,#NUM!,29.9425,0,Push,0
PrizePicks,NBA,173819,Victor Wembanyama,FC,SAS,Points,24.5,TRUE,N/A,10/20/2026,2:06:36 PM,pre_game,NBA,goblin,https://static.prizepicks.com/images/players/NBA/Victor_Wembanyama_NBA_player_2EsUEdOt5xmywxPr6qxPdHNs.webp,13976034,26.20,48.33,51.67,-5.23,51.67,Over,https://www.freeiconspng.com/img/1934,,,,,,,,,,,-107,-106.00,,25.3249,,,,Yes,,,0,61.8952977,,61.8952977,0,,0,,#NUM!,#NUM!,25.76245,0,Push,0
PrizePicks,NBA,173819,Victor Wembanyama,FC,SAS,Pts+Asts,24.5,TRUE,N/A,10/20/2026,2:06:36 PM,pre_game,NBA,goblin,https://static.prizepicks.com/images/players/NBA/Victor_Wembanyama_NBA_player_2EsUEdOt5xmywxPr6qxPdHNs.webp,13976037,29.50,48.81,51.19,-6.62,51.19,Over,https://www.freeiconspng.com/img/1934,,,,,,,,,,,-105,-105.00,,28.7979,,,,Yes,,,0,82.03843124,,82.03843124,0,,0,,#NUM!,#NUM!,29.14895,0,Push,0
PrizePicks,NBA,173819,Victor Wembanyama,FC,SAS,Points,19.5,TRUE,N/A,10/20/2026,2:06:36 PM,pre_game,NBA,goblin,https://static.prizepicks.com/images/players/NBA/Victor_Wembanyama_NBA_player_2EsUEdOt5xmywxPr6qxPdHNs.webp,13976033,26.20,48.33,51.67,-5.23,51.67,Over,https://www.freeiconspng.com/img/1934,,,,,,,,,,,-107,-106.00,,25.3249,,,,Yes,,,0,90.9446045,,90.9446045,0,,0,,#NUM!,#NUM!,25.76245,0,Push,0
PrizePicks,NBA,173819,Victor Wembanyama,FC,SAS,Rebs+Asts,19.5,TRUE,N/A,10/20/2026,2:06:36 PM,pre_game,NBA,demon,https://static.prizepicks.com/images/players/NBA/Victor_Wembanyama_NBA_player_2EsUEdOt5xmywxPr6qxPdHNs.webp,13976055,14.50,48.64,51.36,,51.36,Over,https://www.freeiconspng.com/img/1934,,,,,,,,,,,-106,9/15/1899,,14.1056,,,,Yes,,,0,9.877598909,,9.877598909,0,,0,,#NUM!,#NUM!,14.3028,0,Good Bet,0
PrizePicks,NBA,173819,Victor Wembanyama,FC,SAS,Rebounds,15.5,TRUE,N/A,10/20/2026,2:06:36 PM,pre_game,NBA,demon,https://static.prizepicks.com/images/players/NBA/Victor_Wembanyama_NBA_player_2EsUEdOt5xmywxPr6qxPdHNs.webp,13976054,11.20,48.56,51.44,-6.19,51.44,Over,https://www.freeiconspng.com/img/1934,,,,,,,,,,,-106,9/18/1899,,10.8774,,,,Yes,,,0,10.36626967,,10.36626967,0,,0,,#NUM!,#NUM!,11.0387,0,Good Bet,0
PrizePicks,NBA,173819,Victor Wembanyama,FC,SAS,Rebs+Asts,14.5,N/A,N/A,10/20/2026,2:06:36 PM,pre_game,NBA,standard,https://static.prizepicks.com/images/players/NBA/Victor_Wembanyama_NBA_player_2EsUEdOt5xmywxPr6qxPdHNs.webp,13976056,14.50,48.64,51.36,,51.36,Under,https://www.freeiconspng.com/img/1934,,,,,,,,,,,-106,9/15/1899,,14.1056,,,,Yes,,,0,48.64,51.36,51.36,0,,0,,#NUM!,#NUM!,14.3028,0,Push,0
PrizePicks,NBA,188011,Shai Gilgeous-Alexander,G,OKC,Rebs+Asts,14.5,TRUE,N/A,10/20/2026,2:06:36 PM,pre_game,NBA,demon,https://static.prizepicks.com/images/players/nba/Shai_Gilgeous-Alexander_d9ea4a8f-ff51-408d-b518-980efc2a35a1.webp,14226884,10.50,44.48,55.52,-3.99,55.52,Over,https://www.freeiconspng.com/img/1934,,,,,,,,,,,-125,8/27/1899,,9.3408,,,,No,,,0,11.21121224,,11.21121224,0,,0,,#NUM!,#NUM!,9.9204,0,Good Bet,0
PrizePicks,NBA,173819,Victor Wembanyama,FC,SAS,Rebounds,13.5,TRUE,N/A,10/20/2026,2:06:36 PM,pre_game,NBA,demon,https://static.prizepicks.com/images/players/NBA/Victor_Wembanyama_NBA_player_2EsUEdOt5xmywxPr6qxPdHNs.webp,13976053,11.20,48.56,51.44,-6.19,51.44,Over,https://www.freeiconspng.com/img/1934,,,,,,,,,,,-106,9/18/1899,,10.8774,,,,Yes,,,0,23.75550578,,23.75550578,0,,0,,#NUM!,#NUM!,11.0387,0,Good Bet,0
PrizePicks,NBA,173819,Victor Wembanyama,FC,SAS,Rebounds,11,N/A,N/A,10/20/2026,2:06:36 PM,pre_game,NBA,standard,https://static.prizepicks.com/images/players/NBA/Victor_Wembanyama_NBA_player_2EsUEdOt5xmywxPr6qxPdHNs.webp,13976083,11.20,48.56,51.44,-6.19,51.44,Under,https://www.freeiconspng.com/img/1934,,,,,,,,,,,-106,9/18/1899,,10.8774,,,,Yes,,,0,49.44290909,50.55709091,50.55709091,0,,0,,#NUM!,#NUM!,11.0387,0,Great Bet,0
PrizePicks,NBA,188011,Shai Gilgeous-Alexander,G,OKC,Rebs+Asts,10.5,TRUE,N/A,10/20/2026,2:06:36 PM,pre_game,NBA,demon,https://static.prizepicks.com/images/players/nba/Shai_Gilgeous-Alexander_d9ea4a8f-ff51-408d-b518-980efc2a35a1.webp,15465251,10.50,44.48,55.52,-3.99,55.52,Over,https://www.freeiconspng.com/img/1934,,,,,,,,,,,-125,8/27/1899,,9.3408,,,,No,,,0,47.92618716,,47.92618716,0,,0,,#NUM!,#NUM!,9.9204,0,Good Bet,0
PrizePicks,NBA,173819,Victor Wembanyama,FC,SAS,Rebounds,9.5,TRUE,N/A,10/20/2026,2:06:36 PM,pre_game,NBA,goblin,https://static.prizepicks.com/images/players/NBA/Victor_Wembanyama_NBA_player_2EsUEdOt5xmywxPr6qxPdHNs.webp,13976052,11.20,48.56,51.44,-6.19,51.44,Over,https://www.freeiconspng.com/img/1934,,,,,,,,,,,-106,9/18/1899,,10.8774,,,,Yes,,,0,68.07941865,,68.07941865,0,,0,,#NUM!,#NUM!,11.0387,0,Push,0
PrizePicks,NBA,188011,Shai Gilgeous-Alexander,G,OKC,Assists,9.5,TRUE,N/A,10/20/2026,2:06:36 PM,pre_game,NBA,demon,https://static.prizepicks.com/images/players/nba/Shai_Gilgeous-Alexander_d9ea4a8f-ff51-408d-b518-980efc2a35a1.webp,14226883,5.50,52.44,47.56,-1.26,52.44,Over,https://www.freeiconspng.com/img/1934,,,,,,,,,,,-110,9/11/1899,,5.7684,,,,No,,,0,5.377746952,,5.377746952,0,,0,,#NUM!,#NUM!,5.6342,0,Good Bet,0
PrizePicks,NBA,188011,Shai Gilgeous-Alexander,G,OKC,Assists,7.5,TRUE,N/A,10/20/2026,2:06:36 PM,pre_game,NBA,demon,https://static.prizepicks.com/images/players/nba/Shai_Gilgeous-Alexander_d9ea4a8f-ff51-408d-b518-980efc2a35a1.webp,13975999,5.50,52.44,47.56,-1.26,52.44,Over,https://www.freeiconspng.com/img/1934,,,,,,,,,,,-110,-110.00,,5.7684,,,,No,,,0,19.05147175,,19.05147175,0,,0,,#NUM!,#NUM!,5.6342,0,Good Bet,0
PrizePicks,NBA,188011,Shai Gilgeous-Alexander,G,OKC,Assists,5.5,N/A,N/A,10/20/2026,2:06:36 PM,pre_game,NBA,standard,https://static.prizepicks.com/images/players/nba/Shai_Gilgeous-Alexander_d9ea4a8f-ff51-408d-b518-980efc2a35a1.webp,13976000,5.50,52.44,47.56,-1.26,52.44,Over,https://www.freeiconspng.com/img/1934,,,,,,,,,,,-110,9/11/1899,,5.7684,,,,No,,,0,52.44,47.56,52.44,0,,0,,#NUM!,#NUM!,5.6342,0,Great Bet,0
PrizePicks,NBA,188011,Shai Gilgeous-Alexander,G,OKC,Rebounds,5.5,TRUE,N/A,10/20/2026,2:06:36 PM,pre_game,NBA,demon,https://static.prizepicks.com/images/players/nba/Shai_Gilgeous-Alexander_d9ea4a8f-ff51-408d-b518-980efc2a35a1.webp,13976020,4.50,40.61,59.39,-4.9,59.39,Over,https://www.freeiconspng.com/img/1934,,,,,,,,,,,-146,8/6/1899,,3.6549,,,,No,,,0,29.70695651,,29.70695651,0,,0,,#NUM!,#NUM!,4.07745,0,Good Bet,0
PrizePicks,NBA,173819,Victor Wembanyama,FC,SAS,Assists,5.5,TRUE,N/A,10/20/2026,2:06:36 PM,pre_game,NBA,demon,https://static.prizepicks.com/images/players/NBA/Victor_Wembanyama_NBA_player_2EsUEdOt5xmywxPr6qxPdHNs.webp,13976028,2.63,57.61,42.39,-7.42,57.61,Over,https://www.freeiconspng.com/img/1934,,,,,,,,,,,-136,8/23/1899,,3.0303,,,,Yes,,,0,5.127391537,,5.127391537,0,,0,,#NUM!,#NUM!,2.83015,0,Good Bet,0
PrizePicks,NBA,188011,Shai Gilgeous-Alexander,G,OKC,Rebounds,4.5,TRUE,N/A,10/20/2026,2:06:36 PM,pre_game,NBA,demon,https://static.prizepicks.com/images/players/nba/Shai_Gilgeous-Alexander_d9ea4a8f-ff51-408d-b518-980efc2a35a1.webp,13976021,4.50,40.61,59.39,-4.9,59.39,Over,https://www.freeiconspng.com/img/1934,,,,,,,,,,,-146,-146.00,,3.6549,,,,No,,,0,46.78964236,,46.78964236,0,,0,,#NUM!,#NUM!,4.07745,0,Good Bet,0
PrizePicks,NBA,173819,Victor Wembanyama,FC,SAS,Blocked Shots,4.5,TRUE,N/A,10/20/2026,2:06:36 PM,pre_game,NBA,demon,https://static.prizepicks.com/images/players/NBA/Victor_Wembanyama_NBA_player_2EsUEdOt5xmywxPr6qxPdHNs.webp,13976031,2.50,59.99,40.01,-4.17,59.99,Over,https://www.freeiconspng.com/img/1934,,,,,,,,,,,-150,8/2/1899,,2.9995,,,,Yes,,,0,10.88219811,,10.88219811,0,,0,,#NUM!,#NUM!,2.74975,0,Good Bet,0
PrizePicks,NBA,188011,Shai Gilgeous-Alexander,G,OKC,Rebounds,3.5,TRUE,N/A,10/20/2026,2:06:36 PM,pre_game,NBA,goblin,https://static.prizepicks.com/images/players/nba/Shai_Gilgeous-Alexander_d9ea4a8f-ff51-408d-b518-980efc2a35a1.webp,13976019,4.50,40.61,59.39,-4.9,59.39,Over,https://www.freeiconspng.com/img/1934,,,,,,,,,,,-146,8/6/1899,,3.6549,,,,No,,,0,65.77040442,,65.77040442,0,,0,,#NUM!,#NUM!,4.07745,0,Push,0
PrizePicks,NBA,173819,Victor Wembanyama,FC,SAS,3-PT Made,3.5,TRUE,N/A,10/20/2026,2:06:36 PM,pre_game,NBA,demon,https://static.prizepicks.com/images/players/NBA/Victor_Wembanyama_NBA_player_2EsUEdOt5xmywxPr6qxPdHNs.webp,13976025,1.63,57.78,42.22,,57.78,Over,https://www.freeiconspng.com/img/1934,,,,,,,,,,,-137,-126.00,,1.8836,,,,Yes,,,0,8.30023414,,8.30023414,0,,0,,#NUM!,#NUM!,1.7568,0,Good Bet,0
PrizePicks,NBA,173819,Victor Wembanyama,FC,SAS,Assists,3.5,TRUE,N/A,10/20/2026,2:06:36 PM,pre_game,NBA,demon,https://static.prizepicks.com/images/players/NBA/Victor_Wembanyama_NBA_player_2EsUEdOt5xmywxPr6qxPdHNs.webp,13976027,2.63,57.61,42.39,-7.42,57.61,Over,https://www.freeiconspng.com/img/1934,,,,,,,,,,,-136,-129.00,,3.0303,,,,Yes,,,0,27.05401701,,27.05401701,0,,0,,#NUM!,#NUM!,2.83015,0,Good Bet,0
PrizePicks,NBA,173819,Victor Wembanyama,FC,SAS,Blocked Shots,3.5,TRUE,N/A,10/20/2026,2:06:36 PM,pre_game,NBA,demon,https://static.prizepicks.com/images/players/NBA/Victor_Wembanyama_NBA_player_2EsUEdOt5xmywxPr6qxPdHNs.webp,13976030,2.50,59.99,40.01,-4.17,59.99,Over,https://www.freeiconspng.com/img/1934,,,,,,,,,,,-150,8/2/1899,,2.9995,,,,Yes,,,0,24.24238669,,24.24238669,0,,0,,#NUM!,#NUM!,2.74975,0,Good Bet,0
PrizePicks,NBA,188011,Shai Gilgeous-Alexander,G,OKC,3-PT Made,2.5,TRUE,N/A,10/20/2026,2:06:36 PM,pre_game,NBA,demon,https://static.prizepicks.com/images/players/nba/Shai_Gilgeous-Alexander_d9ea4a8f-ff51-408d-b518-980efc2a35a1.webp,13975998,1.50,46.94,53.06,-3.08,53.06,Over,https://www.freeiconspng.com/img/1934,,,,,,,,,,,-113,9/8/1899,,1.4082,,,,No,,,0,19.11531695,,19.11531695,0,,0,,#NUM!,#NUM!,1.4541,0,Good Bet,0
PrizePicks,NBA,173819,Victor Wembanyama,FC,SAS,3-PT Made,2.5,TRUE,N/A,10/20/2026,2:06:36 PM,pre_game,NBA,demon,https://static.prizepicks.com/images/players/NBA/Victor_Wembanyama_NBA_player_2EsUEdOt5xmywxPr6qxPdHNs.webp,13976024,1.63,57.78,42.22,,57.78,Over,https://www.freeiconspng.com/img/1934,,,,,,,,,,,-137,8/26/1899,,1.8836,,,,Yes,,,0,22.44225773,,22.44225773,0,,0,,#NUM!,#NUM!,1.7568,0,Good Bet,0
PrizePicks,NBA,173819,Victor Wembanyama,FC,SAS,Assists,2.5,TRUE,N/A,10/20/2026,2:06:36 PM,pre_game,NBA,goblin,https://static.prizepicks.com/images/players/NBA/Victor_Wembanyama_NBA_player_2EsUEdOt5xmywxPr6qxPdHNs.webp,13976026,2.63,57.61,42.39,-7.42,57.61,Over,https://www.freeiconspng.com/img/1934,,,,,,,,,,,-136,8/23/1899,,3.0303,,,,Yes,,,0,48.90754243,,48.90754243,0,,0,,#NUM!,#NUM!,2.83015,0,Push,0
PrizePicks,NBA,173819,Victor Wembanyama,FC,SAS,Blocked Shots,2.5,TRUE,N/A,10/20/2026,2:06:36 PM,pre_game,NBA,goblin,https://static.prizepicks.com/images/players/NBA/Victor_Wembanyama_NBA_player_2EsUEdOt5xmywxPr6qxPdHNs.webp,13976029,2.50,59.99,40.01,-4.17,59.99,Over,https://www.freeiconspng.com/img/1934,,,,,,,,,,,-150,8/2/1899,,2.9995,,,,Yes,,,0,45.61868841,,45.61868841,0,,0,,#NUM!,#NUM!,2.74975,0,Great Bet,0
PrizePicks,NBA,173819,Victor Wembanyama,FC,SAS,3-PT Made,2,N/A,N/A,10/20/2026,2:06:36 PM,pre_game,NBA,standard,https://static.prizepicks.com/images/players/NBA/Victor_Wembanyama_NBA_player_2EsUEdOt5xmywxPr6qxPdHNs.webp,13976096,1.63,57.78,42.22,,57.78,Under,https://www.freeiconspng.com/img/1934,,,,,,,,,,,-137,8/26/1899,,1.8836,,,,Yes,,,0,47.0907,52.9093,52.9093,0,,0,,#NUM!,#NUM!,1.7568,0,Push,0
PrizePicks,NBA,173819,Victor Wembanyama,FC,SAS,3-PT Made,1.5,TRUE,N/A,10/20/2026,2:06:36 PM,pre_game,NBA,goblin,https://static.prizepicks.com/images/players/NBA/Victor_Wembanyama_NBA_player_2EsUEdOt5xmywxPr6qxPdHNs.webp,13976023,1.63,57.78,42.22,,57.78,Over,https://www.freeiconspng.com/img/1934,,,,,,,,,,,-137,-126.00,,1.8836,,,,Yes,,,0,48.470522,,48.470522,0,,0,,#NUM!,#NUM!,1.7568,0,Push,0
PrizePicks,NBA,188011,Shai Gilgeous-Alexander,G,OKC,Double-Double,0.5,TRUE,N/A,10/20/2026,2:06:36 PM,pre_game,NBA,demon,https://static.prizepicks.com/images/players/nba/Shai_Gilgeous-Alexander_d9ea4a8f-ff51-408d-b518-980efc2a35a1.webp,13976001,,,,,,,,,,,,,,,,,,,,,0,,,,No,,,0,,,,0,,0,,0,0,,0,Push,0
PrizePicks,NBA,173819,Victor Wembanyama,FC,SAS,Double-Double,0.5,TRUE,N/A,10/20/2026,2:06:36 PM,pre_game,NBA,goblin,https://static.prizepicks.com/images/players/NBA/Victor_Wembanyama_NBA_player_2EsUEdOt5xmywxPr6qxPdHNs.webp,13976032,,,,,,,,,,,,,,,,,,,,,0,,,,Yes,,,0,,,,0,,0,,0,0,,0,Push,0
PrizePicks,NBA,188011,Shai Gilgeous-Alexander,G,OKC,3-PT Made,0.5,TRUE,N/A,10/20/2026,2:06:36 PM,pre_game,NBA,goblin,https://static.prizepicks.com/images/players/nba/Shai_Gilgeous-Alexander_d9ea4a8f-ff51-408d-b518-980efc2a35a1.webp,14226881,1.50,46.94,53.06,-3.08,53.06,Over,https://www.freeiconspng.com/img/1934,,,,,,,,,,,-113,-113.00,,1.4082,,,,No,,,0,77.68698399,,77.68698399,0,,0,,#NUM!,#NUM!,1.4541,0,Push,0
PrizePicks,NBA,188017,Anthony Edwards,G,MIN,Points,27.5,N/A,N/A,10/21/2026,12:06:36 PM,pre_game,NBA,standard,https://static.prizepicks.com/images/players/NBA/Anthony_Edwards_NBA_player_rhlEP3GCAg5LDJD8uChjFU81.webp,15575410,27.50,50,50,-7.81,50,Over,https://www.freeiconspng.com/img/1934,,No,1.5,243.2,,,,,,,100,1/1/1900,,27.5,,,,Yes,MIA,43.36,36,50,50,50,0,,0,,29.62285714,29.62285714,28.56142857,0,Good Bet,0